Stamp,Region,Confirmed,Deaths,Hospitalisierung,Intensivstation,Recovered,Tested
2020-02-25 15:00:00,AT,2,NA,NA,NA,NA,NA
2020-02-25 15:00:00,B,0,NA,NA,NA,NA,NA
2020-02-25 15:00:00,K,0,NA,NA,NA,NA,NA
2020-02-25 15:00:00,NOe,0,NA,NA,NA,NA,NA
2020-02-25 15:00:00,OOe,0,NA,NA,NA,NA,NA
2020-02-25 15:00:00,Stmk,0,NA,NA,NA,NA,NA
2020-02-25 15:00:00,Szb,0,NA,NA,NA,NA,NA
2020-02-25 15:00:00,T,2,NA,NA,NA,NA,NA
2020-02-25 15:00:00,V,0,NA,NA,NA,NA,NA
2020-02-25 15:00:00,W,0,NA,NA,NA,NA,NA
2020-02-26 15:00:00,AT,2,NA,NA,NA,NA,321
2020-02-26 15:00:00,B,0,NA,NA,NA,NA,NA
2020-02-26 15:00:00,K,0,NA,NA,NA,NA,NA
2020-02-26 15:00:00,NOe,0,NA,NA,NA,NA,NA
2020-02-26 15:00:00,OOe,0,NA,NA,NA,NA,NA
2020-02-26 15:00:00,Stmk,0,NA,NA,NA,NA,NA
2020-02-26 15:00:00,Szb,0,NA,NA,NA,NA,NA
2020-02-26 15:00:00,T,2,NA,NA,NA,NA,NA
2020-02-26 15:00:00,V,0,NA,NA,NA,NA,NA
2020-02-26 15:00:00,W,0,NA,NA,NA,NA,NA
2020-02-27 15:00:00,AT,3,NA,NA,NA,NA,NA
2020-02-27 15:00:00,B,0,NA,NA,NA,NA,NA
2020-02-27 15:00:00,K,0,NA,NA,NA,NA,NA
2020-02-27 15:00:00,NOe,0,NA,NA,NA,NA,NA
2020-02-27 15:00:00,OOe,0,NA,NA,NA,NA,NA
2020-02-27 15:00:00,Stmk,0,NA,NA,NA,NA,NA
2020-02-27 15:00:00,Szb,0,NA,NA,NA,NA,NA
2020-02-27 15:00:00,T,2,NA,NA,NA,NA,NA
2020-02-27 15:00:00,V,0,NA,NA,NA,NA,NA
2020-02-27 15:00:00,W,1,NA,NA,NA,NA,NA
2020-02-28 15:00:00,AT,5,NA,NA,NA,NA,762
2020-02-28 15:00:00,B,0,NA,NA,NA,NA,NA
2020-02-28 15:00:00,K,0,NA,NA,NA,NA,NA
2020-02-28 15:00:00,NOe,0,NA,NA,NA,NA,NA
2020-02-28 15:00:00,OOe,0,NA,NA,NA,NA,NA
2020-02-28 15:00:00,Stmk,0,NA,NA,NA,NA,NA
2020-02-28 15:00:00,Szb,0,NA,NA,NA,NA,NA
2020-02-28 15:00:00,T,2,NA,NA,NA,NA,NA
2020-02-28 15:00:00,V,0,NA,NA,NA,NA,NA
2020-02-28 15:00:00,W,3,NA,NA,NA,NA,NA
2020-02-29 15:00:00,AT,7,NA,NA,NA,NA,1649
2020-02-29 15:00:00,B,0,NA,NA,NA,NA,NA
2020-02-29 15:00:00,K,0,NA,NA,NA,NA,NA
2020-02-29 15:00:00,NOe,0,NA,NA,NA,NA,NA
2020-02-29 15:00:00,OOe,0,NA,NA,NA,NA,NA
2020-02-29 15:00:00,Stmk,1,NA,NA,NA,NA,NA
2020-02-29 15:00:00,Szb,0,NA,NA,NA,NA,NA
2020-02-29 15:00:00,T,2,NA,NA,NA,NA,NA
2020-02-29 15:00:00,V,0,NA,NA,NA,NA,NA
2020-02-29 15:00:00,W,4,NA,NA,NA,NA,NA
2020-03-01 15:00:00,AT,10,NA,NA,NA,NA,1826
2020-03-01 15:00:00,B,0,NA,NA,NA,NA,NA
2020-03-01 15:00:00,K,0,NA,NA,NA,NA,NA
2020-03-01 15:00:00,NOe,2,NA,NA,NA,NA,NA
2020-03-01 15:00:00,OOe,0,NA,NA,NA,NA,NA
2020-03-01 15:00:00,Stmk,1,NA,NA,NA,NA,NA
2020-03-01 15:00:00,Szb,1,NA,NA,NA,NA,NA
2020-03-01 15:00:00,T,2,NA,NA,NA,NA,NA
2020-03-01 15:00:00,V,0,NA,NA,NA,NA,NA
2020-03-01 15:00:00,W,4,NA,NA,NA,NA,NA
2020-03-02 15:00:00,AT,14,NA,NA,NA,NA,2120
2020-03-02 15:00:00,B,0,NA,NA,NA,NA,NA
2020-03-02 15:00:00,K,0,NA,NA,NA,NA,NA
2020-03-02 15:00:00,NOe,2,NA,NA,NA,NA,NA
2020-03-02 15:00:00,OOe,0,NA,NA,NA,NA,NA
2020-03-02 15:00:00,Stmk,1,NA,NA,NA,NA,NA
2020-03-02 15:00:00,Szb,1,NA,NA,NA,NA,NA
2020-03-02 15:00:00,T,2,NA,NA,NA,NA,NA
2020-03-02 15:00:00,V,0,NA,NA,NA,NA,NA
2020-03-02 15:00:00,W,8,NA,NA,NA,NA,NA
2020-03-03 15:00:00,AT,18,NA,NA,NA,NA,NA
2020-03-03 15:00:00,B,0,NA,NA,NA,NA,NA
2020-03-03 15:00:00,K,0,NA,NA,NA,NA,NA
2020-03-03 15:00:00,NOe,3,NA,NA,NA,NA,NA
2020-03-03 15:00:00,OOe,0,NA,NA,NA,NA,NA
2020-03-03 15:00:00,Stmk,2,NA,NA,NA,NA,NA
2020-03-03 15:00:00,Szb,2,NA,NA,NA,NA,NA
2020-03-03 15:00:00,T,2,NA,NA,NA,NA,NA
2020-03-03 15:00:00,V,0,NA,NA,NA,NA,NA
2020-03-03 15:00:00,W,9,NA,NA,NA,NA,NA
2020-03-04 15:00:00,AT,29,NA,NA,NA,NA,3138
2020-03-04 15:00:00,B,0,NA,NA,NA,NA,NA
2020-03-04 15:00:00,K,0,NA,NA,NA,NA,NA
2020-03-04 15:00:00,NOe,5,NA,NA,NA,NA,NA
2020-03-04 15:00:00,OOe,0,NA,NA,NA,NA,NA
2020-03-04 15:00:00,Stmk,4,NA,NA,NA,NA,NA
2020-03-04 15:00:00,Szb,3,NA,NA,NA,NA,NA
2020-03-04 15:00:00,T,2,NA,NA,NA,NA,NA
2020-03-04 15:00:00,V,0,NA,NA,NA,NA,NA
2020-03-04 15:00:00,W,15,NA,NA,NA,NA,NA
2020-03-05 15:00:00,AT,41,NA,NA,NA,2,3711
2020-03-05 15:00:00,B,0,NA,NA,NA,0,NA
2020-03-05 15:00:00,K,1,NA,NA,NA,0,NA
2020-03-05 15:00:00,NOe,13,NA,NA,NA,0,NA
2020-03-05 15:00:00,OOe,0,NA,NA,NA,0,NA
2020-03-05 15:00:00,Stmk,4,NA,NA,NA,0,NA
2020-03-05 15:00:00,Szb,4,NA,NA,NA,0,NA
2020-03-05 15:00:00,T,3,NA,NA,NA,0,NA
2020-03-05 15:00:00,V,0,NA,NA,NA,0,NA
2020-03-05 15:00:00,W,16,NA,NA,NA,0,NA
2020-03-06 15:00:00,AT,55,NA,NA,NA,2,4000
2020-03-06 15:00:00,B,0,NA,NA,NA,0,NA
2020-03-06 15:00:00,K,1,NA,NA,NA,0,NA
2020-03-06 15:00:00,NOe,15,NA,NA,NA,0,NA
2020-03-06 15:00:00,OOe,1,NA,NA,NA,0,NA
2020-03-06 15:00:00,Stmk,5,NA,NA,NA,0,NA
2020-03-06 15:00:00,Szb,5,NA,NA,NA,0,NA
2020-03-06 15:00:00,T,4,NA,NA,NA,0,NA
2020-03-06 15:00:00,V,1,NA,NA,NA,0,NA
2020-03-06 15:00:00,W,23,NA,NA,NA,0,NA
2020-03-07 15:00:00,AT,79,NA,NA,NA,2,4308
2020-03-07 15:00:00,B,4,NA,NA,NA,0,NA
2020-03-07 15:00:00,K,1,NA,NA,NA,0,NA
2020-03-07 15:00:00,NOe,28,NA,NA,NA,0,NA
2020-03-07 15:00:00,OOe,4,NA,NA,NA,0,NA
2020-03-07 15:00:00,Stmk,6,NA,NA,NA,0,NA
2020-03-07 15:00:00,Szb,5,NA,NA,NA,0,NA
2020-03-07 15:00:00,T,7,NA,NA,NA,0,NA
2020-03-07 15:00:00,V,1,NA,NA,NA,0,NA
2020-03-07 15:00:00,W,23,NA,NA,NA,0,NA
2020-03-08 15:00:00,AT,102,NA,NA,NA,2,4509
2020-03-08 15:00:00,B,4,NA,NA,NA,0,NA
2020-03-08 15:00:00,K,1,NA,NA,NA,0,NA
2020-03-08 15:00:00,NOe,31,NA,NA,NA,0,NA
2020-03-08 15:00:00,OOe,7,NA,NA,NA,0,NA
2020-03-08 15:00:00,Stmk,10,NA,NA,NA,0,NA
2020-03-08 15:00:00,Szb,8,NA,NA,NA,0,NA
2020-03-08 15:00:00,T,8,NA,NA,NA,0,NA
2020-03-08 15:00:00,V,1,NA,NA,NA,0,NA
2020-03-08 15:00:00,W,32,NA,NA,NA,0,NA
2020-03-09 15:00:00,AT,131,NA,NA,NA,2,NA
2020-03-09 15:00:00,B,4,NA,NA,NA,0,NA
2020-03-09 15:00:00,K,1,NA,NA,NA,0,NA
2020-03-09 15:00:00,NOe,36,NA,NA,NA,0,NA
2020-03-09 15:00:00,OOe,11,NA,NA,NA,0,NA
2020-03-09 15:00:00,Stmk,16,NA,NA,NA,0,NA
2020-03-09 15:00:00,Szb,9,NA,NA,NA,0,NA
2020-03-09 15:00:00,T,16,NA,NA,NA,0,NA
2020-03-09 15:00:00,V,3,NA,NA,NA,0,NA
2020-03-09 15:00:00,W,35,NA,NA,NA,0,NA
2020-03-10 15:00:00,AT,183,NA,NA,NA,4,5062
2020-03-10 15:00:00,B,4,NA,NA,NA,0,NA
2020-03-10 15:00:00,K,1,NA,NA,NA,0,NA
2020-03-10 15:00:00,NOe,40,NA,NA,NA,0,NA
2020-03-10 15:00:00,OOe,22,NA,NA,NA,0,NA
2020-03-10 15:00:00,Stmk,17,NA,NA,NA,0,NA
2020-03-10 15:00:00,Szb,12,NA,NA,NA,0,NA
2020-03-10 15:00:00,T,32,NA,NA,NA,0,NA
2020-03-10 15:00:00,V,11,NA,NA,NA,0,NA
2020-03-10 15:00:00,W,43,NA,NA,NA,0,NA
2020-03-11 15:00:00,AT,246,NA,NA,NA,4,5362
2020-03-11 15:00:00,B,4,NA,NA,NA,0,NA
2020-03-11 15:00:00,K,3,NA,NA,NA,0,NA
2020-03-11 15:00:00,NOe,45,NA,NA,NA,0,NA
2020-03-11 15:00:00,OOe,35,NA,NA,NA,0,NA
2020-03-11 15:00:00,Stmk,25,NA,NA,NA,0,NA
2020-03-11 15:00:00,Szb,14,NA,NA,NA,0,NA
2020-03-11 15:00:00,T,57,NA,NA,NA,0,NA
2020-03-11 15:00:00,V,13,NA,NA,NA,0,NA
2020-03-11 15:00:00,W,50,NA,NA,NA,0,NA
2020-03-12 15:00:00,AT,361,1,NA,NA,4,5869
2020-03-12 15:00:00,B,6,0,NA,NA,0,NA
2020-03-12 15:00:00,K,3,0,NA,NA,0,NA
2020-03-12 15:00:00,NOe,51,0,NA,NA,0,NA
2020-03-12 15:00:00,OOe,58,0,NA,NA,0,NA
2020-03-12 15:00:00,Stmk,33,0,NA,NA,0,NA
2020-03-12 15:00:00,Szb,19,0,NA,NA,0,NA
2020-03-12 15:00:00,T,109,0,NA,NA,0,NA
2020-03-12 15:00:00,V,16,0,NA,NA,0,NA
2020-03-12 15:00:00,W,66,1,NA,NA,0,NA
2020-03-13 15:00:00,AT,504,1,NA,NA,4,NA
2020-03-13 15:00:00,B,7,0,NA,NA,0,NA
2020-03-13 15:00:00,K,4,0,NA,NA,0,NA
2020-03-13 15:00:00,NOe,63,0,NA,NA,0,NA
2020-03-13 15:00:00,OOe,84,0,NA,NA,0,NA
2020-03-13 15:00:00,Stmk,52,0,NA,NA,0,NA
2020-03-13 15:00:00,Szb,23,0,NA,NA,0,NA
2020-03-13 15:00:00,T,167,0,NA,NA,0,NA
2020-03-13 15:00:00,V,22,0,NA,NA,0,NA
2020-03-13 15:00:00,W,82,1,NA,NA,0,NA
2020-03-14 08:00:00,AT,NA,1,NA,NA,4,8167
2020-03-14 08:00:00,B,NA,0,NA,NA,0,NA
2020-03-14 08:00:00,K,NA,0,NA,NA,0,NA
2020-03-14 08:00:00,NOe,NA,0,NA,NA,1,NA
2020-03-14 08:00:00,OOe,NA,0,NA,NA,0,NA
2020-03-14 08:00:00,Stmk,NA,0,NA,NA,0,NA
2020-03-14 08:00:00,Szb,NA,0,NA,NA,0,NA
2020-03-14 08:00:00,T,NA,0,NA,NA,2,NA
2020-03-14 08:00:00,V,NA,0,NA,NA,0,NA
2020-03-14 08:00:00,W,NA,1,NA,NA,3,NA
2020-03-14 15:00:00,AT,655,NA,NA,NA,NA,NA
2020-03-14 15:00:00,B,10,NA,NA,NA,NA,NA
2020-03-14 15:00:00,K,5,NA,NA,NA,NA,NA
2020-03-14 15:00:00,NOe,82,NA,NA,NA,NA,NA
2020-03-14 15:00:00,OOe,116,NA,NA,NA,NA,NA
2020-03-14 15:00:00,Stmk,71,NA,NA,NA,NA,NA
2020-03-14 15:00:00,Szb,30,NA,NA,NA,NA,NA
2020-03-14 15:00:00,T,206,NA,NA,NA,NA,NA
2020-03-14 15:00:00,V,34,NA,NA,NA,NA,NA
2020-03-14 15:00:00,W,101,NA,NA,NA,NA,NA
2020-03-15 15:00:00,AT,860,1,NA,NA,6,NA
2020-03-15 15:00:00,B,10,0,NA,NA,0,NA
2020-03-15 15:00:00,K,6,0,NA,NA,0,NA
2020-03-15 15:00:00,NOe,111,0,NA,NA,1,NA
2020-03-15 15:00:00,OOe,159,0,NA,NA,0,NA
2020-03-15 15:00:00,Stmk,111,0,NA,NA,0,NA
2020-03-15 15:00:00,Szb,39,0,NA,NA,0,NA
2020-03-15 15:00:00,T,254,0,NA,NA,2,NA
2020-03-15 15:00:00,V,48,0,NA,NA,0,NA
2020-03-15 15:00:00,W,122,1,NA,NA,3,NA
2020-03-16 08:00:00,AT,NA,2,NA,NA,8,8490
2020-03-16 08:00:00,B,NA,0,NA,NA,0,NA
2020-03-16 08:00:00,K,NA,0,NA,NA,0,NA
2020-03-16 08:00:00,NOe,NA,0,NA,NA,1,NA
2020-03-16 08:00:00,OOe,NA,0,NA,NA,0,NA
2020-03-16 08:00:00,Stmk,NA,1,NA,NA,0,NA
2020-03-16 08:00:00,Szb,NA,0,NA,NA,0,NA
2020-03-16 08:00:00,T,NA,0,NA,NA,2,NA
2020-03-16 08:00:00,V,NA,0,NA,NA,0,NA
2020-03-16 08:00:00,W,NA,1,NA,NA,5,NA
2020-03-16 15:00:00,AT,1016,NA,NA,NA,NA,NA
2020-03-16 15:00:00,B,10,NA,NA,NA,NA,NA
2020-03-16 15:00:00,K,18,NA,NA,NA,NA,NA
2020-03-16 15:00:00,NOe,152,NA,NA,NA,NA,NA
2020-03-16 15:00:00,OOe,202,NA,NA,NA,NA,NA
2020-03-16 15:00:00,Stmk,139,NA,NA,NA,NA,NA
2020-03-16 15:00:00,Szb,58,NA,NA,NA,NA,NA
2020-03-16 15:00:00,T,254,NA,NA,NA,NA,NA
2020-03-16 15:00:00,V,55,NA,NA,NA,NA,NA
2020-03-16 15:00:00,W,128,NA,NA,NA,NA,NA
2020-03-17 15:00:00,AT,1332,2,NA,NA,9,10278
2020-03-17 15:00:00,B,11,0,NA,NA,0,NA
2020-03-17 15:00:00,K,27,0,NA,NA,0,NA
2020-03-17 15:00:00,NOe,216,0,NA,NA,1,NA
2020-03-17 15:00:00,OOe,248,0,NA,NA,0,NA
2020-03-17 15:00:00,Stmk,171,1,NA,NA,0,NA
2020-03-17 15:00:00,Szb,66,0,NA,NA,0,NA
2020-03-17 15:00:00,T,328,0,NA,NA,2,NA
2020-03-17 15:00:00,V,99,0,NA,NA,0,NA
2020-03-17 15:00:00,W,166,1,NA,NA,5,NA
2020-03-18 08:00:00,AT,NA,4,NA,NA,9,11977
2020-03-18 08:00:00,B,NA,0,NA,NA,0,NA
2020-03-18 08:00:00,K,NA,0,NA,NA,0,NA
2020-03-18 08:00:00,NOe,NA,0,NA,NA,1,NA
2020-03-18 08:00:00,OOe,NA,0,NA,NA,0,NA
2020-03-18 08:00:00,Stmk,NA,1,NA,NA,0,NA
2020-03-18 08:00:00,Szb,NA,0,NA,NA,0,NA
2020-03-18 08:00:00,T,NA,0,NA,NA,2,NA
2020-03-18 08:00:00,V,NA,0,NA,NA,0,NA
2020-03-18 08:00:00,W,NA,1,NA,NA,5,NA
2020-03-18 15:00:00,AT,1646,NA,NA,NA,NA,NA
2020-03-18 15:00:00,B,20,NA,NA,NA,NA,NA
2020-03-18 15:00:00,K,41,NA,NA,NA,NA,NA
2020-03-18 15:00:00,NOe,256,NA,NA,NA,NA,NA
2020-03-18 15:00:00,OOe,305,NA,NA,NA,NA,NA
2020-03-18 15:00:00,Stmk,220,NA,NA,NA,NA,NA
2020-03-18 15:00:00,Szb,89,NA,NA,NA,NA,NA
2020-03-18 15:00:00,T,382,NA,NA,NA,NA,NA
2020-03-18 15:00:00,V,124,NA,NA,NA,NA,NA
2020-03-18 15:00:00,W,209,NA,NA,NA,NA,NA
2020-03-19 15:00:00,AT,2013,6,NA,NA,9,13724
2020-03-19 15:00:00,B,29,0,NA,NA,0,NA
2020-03-19 15:00:00,K,50,0,NA,NA,0,NA
2020-03-19 15:00:00,NOe,305,0,NA,NA,1,NA
2020-03-19 15:00:00,OOe,371,1,NA,NA,0,NA
2020-03-19 15:00:00,Stmk,282,3,NA,NA,0,NA
2020-03-19 15:00:00,Szb,127,0,NA,NA,0,NA
2020-03-19 15:00:00,T,464,0,NA,NA,2,NA
2020-03-19 15:00:00,V,151,0,NA,NA,0,NA
2020-03-19 15:00:00,W,234,2,NA,NA,5,NA
2020-03-20 15:00:00,AT,2388,6,NA,NA,9,15613
2020-03-20 15:00:00,B,33,0,NA,NA,0,NA
2020-03-20 15:00:00,K,71,0,NA,NA,0,NA
2020-03-20 15:00:00,NOe,355,0,NA,NA,2,NA
2020-03-20 15:00:00,OOe,421,1,NA,NA,0,NA
2020-03-20 15:00:00,Stmk,340,3,NA,NA,0,NA
2020-03-20 15:00:00,Szb,167,0,NA,NA,0,NA
2020-03-20 15:00:00,T,508,0,NA,NA,2,NA
2020-03-20 15:00:00,V,197,0,NA,NA,0,NA
2020-03-20 15:00:00,W,296,2,NA,NA,5,NA
2020-03-21 15:00:00,AT,2814,8,NA,NA,NA,18545
2020-03-21 15:00:00,B,54,0,NA,NA,NA,NA
2020-03-21 15:00:00,K,83,0,NA,NA,NA,NA
2020-03-21 15:00:00,NOe,394,1,NA,NA,NA,NA
2020-03-21 15:00:00,OOe,548,1,NA,NA,NA,NA
2020-03-21 15:00:00,Stmk,388,3,NA,NA,NA,NA
2020-03-21 15:00:00,Szb,185,0,NA,NA,NA,NA
2020-03-21 15:00:00,T,575,0,NA,NA,NA,NA
2020-03-21 15:00:00,V,228,0,NA,NA,NA,NA
2020-03-21 15:00:00,W,359,3,NA,NA,NA,NA
2020-03-22 08:00:00,AT,NA,NA,NA,NA,9,21368
2020-03-22 08:00:00,B,NA,NA,NA,NA,0,NA
2020-03-22 08:00:00,K,NA,NA,NA,NA,0,NA
2020-03-22 08:00:00,NOe,NA,NA,NA,NA,2,NA
2020-03-22 08:00:00,OOe,NA,NA,NA,NA,0,NA
2020-03-22 08:00:00,Stmk,NA,NA,NA,NA,0,NA
2020-03-22 08:00:00,Szb,NA,NA,NA,NA,0,NA
2020-03-22 08:00:00,T,NA,NA,NA,NA,2,NA
2020-03-22 08:00:00,V,NA,NA,NA,NA,0,NA
2020-03-22 08:00:00,W,NA,NA,NA,NA,5,NA
2020-03-22 16:00:00,AT,3244,16,NA,NA,NA,NA
2020-03-22 16:00:00,B,63,1,NA,NA,NA,NA
2020-03-22 16:00:00,K,105,1,NA,NA,NA,NA
2020-03-22 16:00:00,NOe,446,1,NA,NA,NA,NA
2020-03-22 16:00:00,OOe,628,2,NA,NA,NA,NA
2020-03-22 16:00:00,Stmk,423,4,NA,NA,NA,NA
2020-03-22 16:00:00,Szb,269,0,NA,NA,NA,NA
2020-03-22 16:00:00,T,644,0,NA,NA,NA,NA
2020-03-22 16:00:00,V,263,0,NA,NA,NA,NA
2020-03-22 16:00:00,W,403,7,NA,NA,NA,NA
2020-03-23 08:00:00,AT,NA,NA,NA,NA,9,23429
2020-03-23 08:00:00,B,NA,NA,NA,NA,0,NA
2020-03-23 08:00:00,K,NA,NA,NA,NA,0,NA
2020-03-23 08:00:00,NOe,NA,NA,NA,NA,2,NA
2020-03-23 08:00:00,OOe,NA,NA,NA,NA,0,NA
2020-03-23 08:00:00,Stmk,NA,NA,NA,NA,0,NA
2020-03-23 08:00:00,Szb,NA,NA,NA,NA,0,NA
2020-03-23 08:00:00,T,NA,NA,NA,NA,2,NA
2020-03-23 08:00:00,V,NA,NA,NA,NA,0,NA
2020-03-23 08:00:00,W,NA,NA,NA,NA,5,NA
2020-03-23 15:00:00,AT,3924,21,NA,NA,NA,NA
2020-03-23 15:00:00,B,71,1,NA,NA,NA,NA
2020-03-23 15:00:00,K,122,1,NA,NA,NA,NA
2020-03-23 15:00:00,NOe,564,1,NA,NA,NA,NA
2020-03-23 15:00:00,OOe,707,2,NA,NA,NA,NA
2020-03-23 15:00:00,Stmk,486,4,NA,NA,NA,NA
2020-03-23 15:00:00,Szb,372,0,NA,NA,NA,NA
2020-03-23 15:00:00,T,803,1,NA,NA,NA,NA
2020-03-23 15:00:00,V,323,0,NA,NA,NA,NA
2020-03-23 15:00:00,W,476,11,NA,NA,NA,NA
2020-03-24 08:00:00,AT,NA,NA,NA,NA,NA,28391
2020-03-24 08:00:00,B,NA,NA,NA,NA,NA,NA
2020-03-24 08:00:00,K,NA,NA,NA,NA,NA,NA
2020-03-24 08:00:00,NOe,NA,NA,NA,NA,NA,NA
2020-03-24 08:00:00,OOe,NA,NA,NA,NA,NA,NA
2020-03-24 08:00:00,Stmk,NA,NA,NA,NA,NA,NA
2020-03-24 08:00:00,Szb,NA,NA,NA,NA,NA,NA
2020-03-24 08:00:00,T,NA,NA,NA,NA,NA,NA
2020-03-24 08:00:00,V,NA,NA,NA,NA,NA,NA
2020-03-24 08:00:00,W,NA,NA,NA,NA,NA,NA
2020-03-24 15:00:00,AT,4876,28,NA,NA,NA,NA
2020-03-24 15:00:00,B,84,2,NA,NA,NA,NA
2020-03-24 15:00:00,K,141,1,NA,NA,NA,NA
2020-03-24 15:00:00,NOe,620,3,NA,NA,NA,NA
2020-03-24 15:00:00,OOe,795,2,NA,NA,NA,NA
2020-03-24 15:00:00,Stmk,558,5,NA,NA,NA,NA
2020-03-24 15:00:00,Szb,429,0,NA,NA,NA,NA
2020-03-24 15:00:00,T,1253,4,NA,NA,NA,NA
2020-03-24 15:00:00,V,379,0,NA,NA,NA,NA
2020-03-24 15:00:00,W,617,11,NA,NA,NA,NA
2020-03-25 08:00:00,AT,NA,NA,NA,NA,NA,32407
2020-03-25 08:00:00,B,NA,NA,NA,NA,NA,NA
2020-03-25 08:00:00,K,NA,NA,NA,NA,NA,NA
2020-03-25 08:00:00,NOe,NA,NA,NA,NA,NA,NA
2020-03-25 08:00:00,OOe,NA,NA,NA,NA,NA,NA
2020-03-25 08:00:00,Stmk,NA,NA,NA,NA,NA,NA
2020-03-25 08:00:00,Szb,NA,NA,NA,NA,NA,NA
2020-03-25 08:00:00,T,NA,NA,NA,NA,NA,NA
2020-03-25 08:00:00,V,NA,NA,NA,NA,NA,NA
2020-03-25 08:00:00,W,NA,NA,NA,NA,NA,NA
2020-03-25 15:00:00,AT,5560,31,NA,NA,NA,NA
2020-03-25 15:00:00,B,89,2,NA,NA,NA,NA
2020-03-25 15:00:00,K,161,1,NA,NA,NA,NA
2020-03-25 15:00:00,NOe,750,5,NA,NA,NA,NA
2020-03-25 15:00:00,OOe,915,2,NA,NA,NA,NA
2020-03-25 15:00:00,Stmk,627,5,NA,NA,NA,NA
2020-03-25 15:00:00,Szb,516,0,NA,NA,NA,NA
2020-03-25 15:00:00,T,1393,4,NA,NA,NA,NA
2020-03-25 15:00:00,V,407,0,NA,NA,NA,NA
2020-03-25 15:00:00,W,702,12,NA,NA,NA,NA
2020-03-26 07:00:00,AT,NA,NA,547,96,NA,NA
2020-03-26 07:00:00,B,NA,NA,5,2,NA,NA
2020-03-26 07:00:00,K,NA,NA,12,9,NA,NA
2020-03-26 07:00:00,NOe,NA,NA,81,21,NA,NA
2020-03-26 07:00:00,OOe,NA,NA,46,5,NA,NA
2020-03-26 07:00:00,Stmk,NA,NA,151,19,NA,NA
2020-03-26 07:00:00,Szb,NA,NA,23,6,NA,NA
2020-03-26 07:00:00,T,NA,NA,110,15,NA,NA
2020-03-26 07:00:00,V,NA,NA,23,7,NA,NA
2020-03-26 07:00:00,W,NA,NA,96,12,NA,NA
2020-03-26 09:00:00,AT,NA,NA,NA,NA,NA,35995
2020-03-26 09:00:00,B,NA,NA,NA,NA,NA,NA
2020-03-26 09:00:00,K,NA,NA,NA,NA,NA,NA
2020-03-26 09:00:00,NOe,NA,NA,NA,NA,NA,NA
2020-03-26 09:00:00,OOe,NA,NA,NA,NA,NA,NA
2020-03-26 09:00:00,Stmk,NA,NA,NA,NA,NA,NA
2020-03-26 09:00:00,Szb,NA,NA,NA,NA,NA,NA
2020-03-26 09:00:00,T,NA,NA,NA,NA,NA,NA
2020-03-26 09:00:00,V,NA,NA,NA,NA,NA,NA
2020-03-26 09:00:00,W,NA,NA,NA,NA,NA,NA
2020-03-26 15:00:00,AT,6398,49,NA,NA,NA,NA
2020-03-26 15:00:00,B,115,2,NA,NA,NA,NA
2020-03-26 15:00:00,K,183,2,NA,NA,NA,NA
2020-03-26 15:00:00,NOe,873,12,NA,NA,NA,NA
2020-03-26 15:00:00,OOe,1054,3,NA,NA,NA,NA
2020-03-26 15:00:00,Stmk,699,11,NA,NA,NA,NA
2020-03-26 15:00:00,Szb,591,1,NA,NA,NA,NA
2020-03-26 15:00:00,T,1623,4,NA,NA,NA,NA
2020-03-26 15:00:00,V,435,0,NA,NA,NA,NA
2020-03-26 15:00:00,W,825,14,NA,NA,NA,NA
2020-03-27 08:00:00,AT,NA,NA,NA,NA,NA,39552
2020-03-27 08:00:00,B,NA,NA,NA,NA,NA,NA
2020-03-27 08:00:00,K,NA,NA,NA,NA,NA,NA
2020-03-27 08:00:00,NOe,NA,NA,NA,NA,NA,NA
2020-03-27 08:00:00,OOe,NA,NA,NA,NA,NA,NA
2020-03-27 08:00:00,Stmk,NA,NA,NA,NA,NA,NA
2020-03-27 08:00:00,Szb,NA,NA,NA,NA,NA,NA
2020-03-27 08:00:00,T,NA,NA,NA,NA,NA,NA
2020-03-27 08:00:00,V,NA,NA,NA,NA,NA,NA
2020-03-27 08:00:00,W,NA,NA,NA,NA,NA,NA
2020-03-27 09:30:00,AT,NA,58,800,128,NA,NA
2020-03-27 09:30:00,B,NA,2,11,4,NA,NA
2020-03-27 09:30:00,K,NA,2,22,8,NA,NA
2020-03-27 09:30:00,NOe,NA,13,127,18,NA,NA
2020-03-27 09:30:00,OOe,NA,4,82,10,NA,NA
2020-03-27 09:30:00,Stmk,NA,13,179,16,NA,NA
2020-03-27 09:30:00,Szb,NA,1,48,10,NA,NA
2020-03-27 09:30:00,T,NA,6,166,38,NA,NA
2020-03-27 09:30:00,V,NA,1,36,10,NA,NA
2020-03-27 09:30:00,W,NA,16,129,14,NA,NA
2020-03-27 15:00:00,AT,7399,NA,NA,NA,NA,NA
2020-03-27 15:00:00,B,138,NA,NA,NA,NA,NA
2020-03-27 15:00:00,K,202,NA,NA,NA,NA,NA
2020-03-27 15:00:00,NOe,1140,NA,NA,NA,NA,NA
2020-03-27 15:00:00,OOe,1217,NA,NA,NA,NA,NA
2020-03-27 15:00:00,Stmk,759,NA,NA,NA,NA,NA
2020-03-27 15:00:00,Szb,687,NA,NA,NA,NA,NA
2020-03-27 15:00:00,T,1752,NA,NA,NA,NA,NA
2020-03-27 15:00:00,V,501,NA,NA,NA,NA,NA
2020-03-27 15:00:00,W,1003,NA,NA,NA,NA,NA
2020-03-28 08:00:00,AT,NA,68,770,159,NA,42750
2020-03-28 08:00:00,B,NA,2,12,4,NA,NA
2020-03-28 08:00:00,K,NA,2,23,9,NA,NA
2020-03-28 08:00:00,NOe,NA,13,150,20,NA,NA
2020-03-28 08:00:00,OOe,NA,4,NA,NA,NA,NA
2020-03-28 08:00:00,Stmk,NA,17,125,23,NA,NA
2020-03-28 08:00:00,Szb,NA,4,43,10,NA,NA
2020-03-28 08:00:00,T,NA,9,176,43,NA,NA
2020-03-28 08:00:00,V,NA,1,41,11,NA,NA
2020-03-28 08:00:00,W,NA,16,118,29,NA,NA
2020-03-28 15:00:00,AT,7995,NA,NA,NA,NA,NA
2020-03-28 15:00:00,B,142,NA,NA,NA,NA,NA
2020-03-28 15:00:00,K,221,NA,NA,NA,NA,NA
2020-03-28 15:00:00,NOe,1262,NA,NA,NA,NA,NA
2020-03-28 15:00:00,OOe,1332,NA,NA,NA,NA,NA
2020-03-28 15:00:00,Stmk,828,NA,NA,NA,NA,NA
2020-03-28 15:00:00,Szb,751,NA,NA,NA,NA,NA
2020-03-28 15:00:00,T,1846,NA,NA,NA,NA,NA
2020-03-28 15:00:00,V,549,NA,NA,NA,NA,NA
2020-03-28 15:00:00,W,1046,NA,NA,NA,NA,NA
2020-03-29 08:00:00,AT,NA,NA,NA,NA,NA,46441
2020-03-29 08:00:00,B,NA,NA,NA,NA,NA,NA
2020-03-29 08:00:00,K,NA,NA,NA,NA,NA,NA
2020-03-29 08:00:00,NOe,NA,NA,NA,NA,NA,NA
2020-03-29 08:00:00,OOe,NA,NA,NA,NA,NA,NA
2020-03-29 08:00:00,Stmk,NA,NA,NA,NA,NA,NA
2020-03-29 08:00:00,Szb,NA,NA,NA,NA,NA,NA
2020-03-29 08:00:00,T,NA,NA,NA,NA,NA,NA
2020-03-29 08:00:00,V,NA,NA,NA,NA,NA,NA
2020-03-29 08:00:00,W,NA,NA,NA,NA,NA,NA
2020-03-29 09:30:00,AT,NA,86,931,187,479,NA
2020-03-29 09:30:00,B,NA,3,10,4,NA,NA
2020-03-29 09:30:00,K,NA,2,22,9,NA,NA
2020-03-29 09:30:00,NOe,NA,19,160,26,NA,NA
2020-03-29 09:30:00,OOe,NA,7,138,22,NA,NA
2020-03-29 09:30:00,Stmk,NA,19,142,24,NA,NA
2020-03-29 09:30:00,Szb,NA,4,53,12,NA,NA
2020-03-29 09:30:00,T,NA,10,185,42,NA,NA
2020-03-29 09:30:00,V,NA,1,45,13,NA,NA
2020-03-29 09:30:00,W,NA,21,176,35,NA,NA
2020-03-29 15:00:00,AT,8536,NA,NA,NA,NA,NA
2020-03-29 15:00:00,B,159,NA,NA,NA,NA,NA
2020-03-29 15:00:00,K,239,NA,NA,NA,NA,NA
2020-03-29 15:00:00,NOe,1350,NA,NA,NA,NA,NA
2020-03-29 15:00:00,OOe,1451,NA,NA,NA,NA,NA
2020-03-29 15:00:00,Stmk,915,NA,NA,NA,NA,NA
2020-03-29 15:00:00,Szb,798,NA,NA,NA,NA,NA
2020-03-29 15:00:00,T,1944,NA,NA,NA,NA,NA
2020-03-29 15:00:00,V,579,NA,NA,NA,NA,NA
2020-03-29 15:00:00,W,1101,NA,NA,NA,NA,NA
2020-03-30 08:00:00,AT,NA,NA,NA,NA,NA,49455
2020-03-30 08:00:00,B,NA,NA,NA,NA,NA,NA
2020-03-30 08:00:00,K,NA,NA,NA,NA,NA,NA
2020-03-30 08:00:00,NOe,NA,NA,NA,NA,NA,NA
2020-03-30 08:00:00,OOe,NA,NA,NA,NA,NA,NA
2020-03-30 08:00:00,Stmk,NA,NA,NA,NA,NA,NA
2020-03-30 08:00:00,Szb,NA,NA,NA,NA,NA,NA
2020-03-30 08:00:00,T,NA,NA,NA,NA,NA,NA
2020-03-30 08:00:00,V,NA,NA,NA,NA,NA,NA
2020-03-30 08:00:00,W,NA,NA,NA,NA,NA,NA
2020-03-30 09:30:00,AT,NA,108,999,193,636,NA
2020-03-30 09:30:00,B,NA,3,10,4,10,NA
2020-03-30 09:30:00,K,NA,2,26,10,13,NA
2020-03-30 09:30:00,NOe,NA,28,167,26,86,NA
2020-03-30 09:30:00,OOe,NA,7,156,23,101,NA
2020-03-30 09:30:00,Stmk,NA,24,147,19,28,NA
2020-03-30 09:30:00,Szb,NA,7,58,13,43,NA
2020-03-30 09:30:00,T,NA,13,198,50,270,NA
2020-03-30 09:30:00,V,NA,1,49,13,47,NA
2020-03-30 09:30:00,W,NA,23,188,35,38,NA
2020-03-30 15:00:00,AT,9377,NA,NA,NA,NA,NA
2020-03-30 15:00:00,B,179,NA,NA,NA,NA,NA
2020-03-30 15:00:00,K,261,NA,NA,NA,NA,NA
2020-03-30 15:00:00,NOe,1533,NA,NA,NA,NA,NA
2020-03-30 15:00:00,OOe,1535,NA,NA,NA,NA,NA
2020-03-30 15:00:00,Stmk,958,NA,NA,NA,NA,NA
2020-03-30 15:00:00,Szb,855,NA,NA,NA,NA,NA
2020-03-30 15:00:00,T,2205,NA,NA,NA,NA,NA
2020-03-30 15:00:00,V,616,NA,NA,NA,NA,NA
2020-03-30 15:00:00,W,1235,NA,NA,NA,NA,NA
2020-03-31 07:30:00,AT,NA,NA,1110,198,NA,NA
2020-03-31 07:30:00,B,NA,NA,10,3,NA,NA
2020-03-31 07:30:00,K,NA,NA,32,12,NA,NA
2020-03-31 07:30:00,NOe,NA,NA,223,32,NA,NA
2020-03-31 07:30:00,OOe,NA,NA,167,27,NA,NA
2020-03-31 07:30:00,Stmk,NA,NA,149,24,NA,NA
2020-03-31 07:30:00,Szb,NA,NA,63,9,NA,NA
2020-03-31 07:30:00,T,NA,NA,213,57,NA,NA
2020-03-31 07:30:00,V,NA,NA,62,12,NA,NA
2020-03-31 07:30:00,W,NA,NA,191,22,NA,NA
2020-03-31 08:00:00,AT,NA,NA,NA,NA,NA,52344
2020-03-31 08:00:00,B,NA,NA,NA,NA,NA,NA
2020-03-31 08:00:00,K,NA,NA,NA,NA,NA,NA
2020-03-31 08:00:00,NOe,NA,NA,NA,NA,NA,NA
2020-03-31 08:00:00,OOe,NA,NA,NA,NA,NA,NA
2020-03-31 08:00:00,Stmk,NA,NA,NA,NA,NA,NA
2020-03-31 08:00:00,Szb,NA,NA,NA,NA,NA,NA
2020-03-31 08:00:00,T,NA,NA,NA,NA,NA,NA
2020-03-31 08:00:00,V,NA,NA,NA,NA,NA,NA
2020-03-31 08:00:00,W,NA,NA,NA,NA,NA,NA
2020-03-31 09:30:00,AT,NA,128,NA,NA,1095,NA
2020-03-31 09:30:00,B,NA,3,NA,NA,NA,NA
2020-03-31 09:30:00,K,NA,2,NA,NA,NA,NA
2020-03-31 09:30:00,NOe,NA,28,NA,NA,NA,NA
2020-03-31 09:30:00,OOe,NA,10,NA,NA,NA,NA
2020-03-31 09:30:00,Stmk,NA,30,NA,NA,NA,NA
2020-03-31 09:30:00,Szb,NA,9,NA,NA,NA,NA
2020-03-31 09:30:00,T,NA,19,NA,NA,NA,NA
2020-03-31 09:30:00,V,NA,2,NA,NA,NA,NA
2020-03-31 09:30:00,W,NA,25,NA,NA,NA,NA
2020-03-31 15:00:00,AT,9974,NA,NA,NA,NA,NA
2020-03-31 15:00:00,B,182,NA,NA,NA,NA,NA
2020-03-31 15:00:00,K,273,NA,NA,NA,NA,NA
2020-03-31 15:00:00,NOe,1616,NA,NA,NA,NA,NA
2020-03-31 15:00:00,OOe,1596,NA,NA,NA,NA,NA
2020-03-31 15:00:00,Stmk,1049,NA,NA,NA,NA,NA
2020-03-31 15:00:00,Szb,911,NA,NA,NA,NA,NA
2020-03-31 15:00:00,T,2323,NA,NA,NA,NA,NA
2020-03-31 15:00:00,V,646,NA,NA,NA,NA,NA
2020-03-31 15:00:00,W,1378,NA,NA,NA,NA,NA
2020-04-01 08:00:00,AT,NA,NA,1071,215,NA,55863
2020-04-01 08:00:00,B,NA,NA,10,3,NA,NA
2020-04-01 08:00:00,K,NA,NA,29,11,NA,NA
2020-04-01 08:00:00,NOe,NA,NA,200,36,NA,NA
2020-04-01 08:00:00,OOe,NA,NA,142,29,NA,NA
2020-04-01 08:00:00,Stmk,NA,NA,165,27,NA,NA
2020-04-01 08:00:00,Szb,NA,NA,66,10,NA,NA
2020-04-01 08:00:00,T,NA,NA,213,57,NA,NA
2020-04-01 08:00:00,V,NA,NA,51,12,NA,NA
2020-04-01 08:00:00,W,NA,NA,195,30,NA,NA
2020-04-01 10:00:00,AT,NA,146,NA,NA,1436,NA
2020-04-01 10:00:00,B,NA,3,NA,NA,NA,NA
2020-04-01 10:00:00,K,NA,2,NA,NA,NA,NA
2020-04-01 10:00:00,NOe,NA,28,NA,NA,NA,NA
2020-04-01 10:00:00,OOe,NA,12,NA,NA,NA,NA
2020-04-01 10:00:00,Stmk,NA,34,NA,NA,NA,NA
2020-04-01 10:00:00,Szb,NA,11,NA,NA,NA,NA
2020-04-01 10:00:00,T,NA,24,NA,NA,NA,NA
2020-04-01 10:00:00,V,NA,3,NA,NA,NA,NA
2020-04-01 10:00:00,W,NA,29,NA,NA,NA,NA
2020-04-01 15:00:00,AT,10482,NA,NA,NA,NA,NA
2020-04-01 15:00:00,B,188,NA,NA,NA,NA,NA
2020-04-01 15:00:00,K,293,NA,NA,NA,NA,NA
2020-04-01 15:00:00,NOe,1685,NA,NA,NA,NA,NA
2020-04-01 15:00:00,OOe,1671,NA,NA,NA,NA,NA
2020-04-01 15:00:00,Stmk,1113,NA,NA,NA,NA,NA
2020-04-01 15:00:00,Szb,955,NA,NA,NA,NA,NA
2020-04-01 15:00:00,T,2414,NA,NA,NA,NA,NA
2020-04-01 15:00:00,V,666,NA,NA,NA,NA,NA
2020-04-01 15:00:00,W,1497,NA,NA,NA,NA,NA
2020-04-02 07:30:00,AT,NA,NA,1057,227,NA,NA
2020-04-02 07:30:00,B,NA,NA,13,3,NA,NA
2020-04-02 07:30:00,K,NA,NA,28,11,NA,NA
2020-04-02 07:30:00,NOe,NA,NA,203,43,NA,NA
2020-04-02 07:30:00,OOe,NA,NA,138,31,NA,NA
2020-04-02 07:30:00,Stmk,NA,NA,149,28,NA,NA
2020-04-02 07:30:00,Szb,NA,NA,65,13,NA,NA
2020-04-02 07:30:00,T,NA,NA,215,56,NA,NA
2020-04-02 07:30:00,V,NA,NA,51,12,NA,NA
2020-04-02 07:30:00,W,NA,NA,195,30,NA,NA
2020-04-02 09:30:00,AT,NA,158,NA,NA,1749,NA
2020-04-02 09:30:00,B,NA,3,NA,NA,21,NA
2020-04-02 09:30:00,K,NA,2,NA,NA,51,NA
2020-04-02 09:30:00,NOe,NA,28,NA,NA,298,NA
2020-04-02 09:30:00,OOe,NA,14,NA,NA,371,NA
2020-04-02 09:30:00,Stmk,NA,35,NA,NA,99,NA
2020-04-02 09:30:00,Szb,NA,12,NA,NA,130,NA
2020-04-02 09:30:00,T,NA,28,NA,NA,546,NA
2020-04-02 09:30:00,V,NA,5,NA,NA,147,NA
2020-04-02 09:30:00,W,NA,31,NA,NA,86,NA
2020-04-02 10:00:00,AT,NA,NA,NA,NA,NA,92190
2020-04-02 10:00:00,B,NA,NA,NA,NA,NA,NA
2020-04-02 10:00:00,K,NA,NA,NA,NA,NA,NA
2020-04-02 10:00:00,NOe,NA,NA,NA,NA,NA,NA
2020-04-02 10:00:00,OOe,NA,NA,NA,NA,NA,NA
2020-04-02 10:00:00,Stmk,NA,NA,NA,NA,NA,NA
2020-04-02 10:00:00,Szb,NA,NA,NA,NA,NA,NA
2020-04-02 10:00:00,T,NA,NA,NA,NA,NA,NA
2020-04-02 10:00:00,V,NA,NA,NA,NA,NA,NA
2020-04-02 10:00:00,W,NA,NA,NA,NA,NA,NA
2020-04-02 15:00:00,AT,10967,NA,NA,NA,NA,NA
2020-04-02 15:00:00,B,201,NA,NA,NA,NA,NA
2020-04-02 15:00:00,K,300,NA,NA,NA,NA,NA
2020-04-02 15:00:00,NOe,1738,NA,NA,NA,NA,NA
2020-04-02 15:00:00,OOe,1781,NA,NA,NA,NA,NA
2020-04-02 15:00:00,Stmk,1158,NA,NA,NA,NA,NA
2020-04-02 15:00:00,Szb,994,NA,NA,NA,NA,NA
2020-04-02 15:00:00,T,2531,NA,NA,NA,NA,NA
2020-04-02 15:00:00,V,681,NA,NA,NA,NA,NA
2020-04-02 15:00:00,W,1583,NA,NA,NA,NA,NA
2020-04-03 07:30:00,AT,NA,NA,1074,245,NA,NA
2020-04-03 07:30:00,B,NA,NA,12,4,NA,NA
2020-04-03 07:30:00,K,NA,NA,28,11,NA,NA
2020-04-03 07:30:00,NOe,NA,NA,203,43,NA,NA
2020-04-03 07:30:00,OOe,NA,NA,135,33,NA,NA
2020-04-03 07:30:00,Stmk,NA,NA,164,30,NA,NA
2020-04-03 07:30:00,Szb,NA,NA,73,14,NA,NA
2020-04-03 07:30:00,T,NA,NA,209,55,NA,NA
2020-04-03 07:30:00,V,NA,NA,51,12,NA,NA
2020-04-03 07:30:00,W,NA,NA,199,43,NA,NA
2020-04-03 09:30:00,AT,NA,168,NA,NA,2022,NA
2020-04-03 09:30:00,B,NA,3,NA,NA,29,NA
2020-04-03 09:30:00,K,NA,3,NA,NA,65,NA
2020-04-03 09:30:00,NOe,NA,28,NA,NA,340,NA
2020-04-03 09:30:00,OOe,NA,17,NA,NA,437,NA
2020-04-03 09:30:00,Stmk,NA,38,NA,NA,103,NA
2020-04-03 09:30:00,Szb,NA,12,NA,NA,136,NA
2020-04-03 09:30:00,T,NA,29,NA,NA,631,NA
2020-04-03 09:30:00,V,NA,4,NA,NA,183,NA
2020-04-03 09:30:00,W,NA,34,NA,NA,98,NA
2020-04-03 10:00:00,AT,NA,NA,NA,NA,NA,98343
2020-04-03 10:00:00,B,NA,NA,NA,NA,NA,NA
2020-04-03 10:00:00,K,NA,NA,NA,NA,NA,NA
2020-04-03 10:00:00,NOe,NA,NA,NA,NA,NA,NA
2020-04-03 10:00:00,OOe,NA,NA,NA,NA,NA,NA
2020-04-03 10:00:00,Stmk,NA,NA,NA,NA,NA,NA
2020-04-03 10:00:00,Szb,NA,NA,NA,NA,NA,NA
2020-04-03 10:00:00,T,NA,NA,NA,NA,NA,NA
2020-04-03 10:00:00,V,NA,NA,NA,NA,NA,NA
2020-04-03 10:00:00,W,NA,NA,NA,NA,NA,NA
2020-04-03 15:00:00,AT,11383,NA,NA,NA,NA,NA
2020-04-03 15:00:00,B,206,NA,NA,NA,NA,NA
2020-04-03 15:00:00,K,304,NA,NA,NA,NA,NA
2020-04-03 15:00:00,NOe,1828,NA,NA,NA,NA,NA
2020-04-03 15:00:00,OOe,1836,NA,NA,NA,NA,NA
2020-04-03 15:00:00,Stmk,1205,NA,NA,NA,NA,NA
2020-04-03 15:00:00,Szb,1038,NA,NA,NA,NA,NA
2020-04-03 15:00:00,T,2595,NA,NA,NA,NA,NA
2020-04-03 15:00:00,V,710,NA,NA,NA,NA,NA
2020-04-03 15:00:00,W,1661,NA,NA,NA,NA,NA
2020-04-04 07:30:00,AT,NA,NA,1071,245,NA,NA
2020-04-04 07:30:00,B,NA,NA,10,3,NA,NA
2020-04-04 07:30:00,K,NA,NA,32,11,NA,NA
2020-04-04 07:30:00,NOe,NA,NA,206,39,NA,NA
2020-04-04 07:30:00,OOe,NA,NA,135,33,NA,NA
2020-04-04 07:30:00,Stmk,NA,NA,160,34,NA,NA
2020-04-04 07:30:00,Szb,NA,NA,79,15,NA,NA
2020-04-04 07:30:00,T,NA,NA,210,54,NA,NA
2020-04-04 07:30:00,V,NA,NA,47,12,NA,NA
2020-04-04 07:30:00,W,NA,NA,192,44,NA,NA
2020-04-04 09:30:00,AT,NA,186,NA,NA,2507,NA
2020-04-04 09:30:00,B,NA,3,NA,NA,44,NA
2020-04-04 09:30:00,K,NA,3,NA,NA,87,NA
2020-04-04 09:30:00,NOe,NA,31,NA,NA,403,NA
2020-04-04 09:30:00,OOe,NA,18,NA,NA,546,NA
2020-04-04 09:30:00,Stmk,NA,47,NA,NA,144,NA
2020-04-04 09:30:00,Szb,NA,12,NA,NA,190,NA
2020-04-04 09:30:00,T,NA,31,NA,NA,758,NA
2020-04-04 09:30:00,V,NA,4,NA,NA,216,NA
2020-04-04 09:30:00,W,NA,37,NA,NA,119,NA
2020-04-04 10:00:00,AT,NA,NA,NA,NA,NA,104134
2020-04-04 10:00:00,B,NA,NA,NA,NA,NA,NA
2020-04-04 10:00:00,K,NA,NA,NA,NA,NA,NA
2020-04-04 10:00:00,NOe,NA,NA,NA,NA,NA,NA
2020-04-04 10:00:00,OOe,NA,NA,NA,NA,NA,NA
2020-04-04 10:00:00,Stmk,NA,NA,NA,NA,NA,NA
2020-04-04 10:00:00,Szb,NA,NA,NA,NA,NA,NA
2020-04-04 10:00:00,T,NA,NA,NA,NA,NA,NA
2020-04-04 10:00:00,V,NA,NA,NA,NA,NA,NA
2020-04-04 10:00:00,W,NA,NA,NA,NA,NA,NA
2020-04-04 15:00:00,AT,11665,NA,NA,NA,NA,NA
2020-04-04 15:00:00,B,224,NA,NA,NA,NA,NA
2020-04-04 15:00:00,K,310,NA,NA,NA,NA,NA
2020-04-04 15:00:00,NOe,1860,NA,NA,NA,NA,NA
2020-04-04 15:00:00,OOe,1890,NA,NA,NA,NA,NA
2020-04-04 15:00:00,Stmk,1263,NA,NA,NA,NA,NA
2020-04-04 15:00:00,Szb,1059,NA,NA,NA,NA,NA
2020-04-04 15:00:00,T,2658,NA,NA,NA,NA,NA
2020-04-04 15:00:00,V,722,NA,NA,NA,NA,NA
2020-04-04 15:00:00,W,1679,NA,NA,NA,NA,NA
2020-04-05 07:30:00,AT,NA,NA,1056,244,NA,NA
2020-04-05 07:30:00,B,NA,NA,12,6,NA,NA
2020-04-05 07:30:00,K,NA,NA,35,13,NA,NA
2020-04-05 07:30:00,NOe,NA,NA,212,43,NA,NA
2020-04-05 07:30:00,OOe,NA,NA,136,32,NA,NA
2020-04-05 07:30:00,Stmk,NA,NA,138,28,NA,NA
2020-04-05 07:30:00,Szb,NA,NA,90,14,NA,NA
2020-04-05 07:30:00,T,NA,NA,196,54,NA,NA
2020-04-05 07:30:00,V,NA,NA,45,12,NA,NA
2020-04-05 07:30:00,W,NA,NA,192,42,NA,NA
2020-04-05 09:30:00,AT,NA,204,NA,NA,2998,NA
2020-04-05 09:30:00,B,NA,3,NA,NA,44,NA
2020-04-05 09:30:00,K,NA,4,NA,NA,97,NA
2020-04-05 09:30:00,NOe,NA,31,NA,NA,448,NA
2020-04-05 09:30:00,OOe,NA,20,NA,NA,653,NA
2020-04-05 09:30:00,Stmk,NA,53,NA,NA,169,NA
2020-04-05 09:30:00,Szb,NA,14,NA,NA,231,NA
2020-04-05 09:30:00,T,NA,35,NA,NA,984,NA
2020-04-05 09:30:00,V,NA,4,NA,NA,247,NA
2020-04-05 09:30:00,W,NA,40,NA,NA,125,NA
2020-04-05 10:00:00,AT,NA,NA,NA,NA,NA,108416
2020-04-05 10:00:00,B,NA,NA,NA,NA,NA,NA
2020-04-05 10:00:00,K,NA,NA,NA,NA,NA,NA
2020-04-05 10:00:00,NOe,NA,NA,NA,NA,NA,NA
2020-04-05 10:00:00,OOe,NA,NA,NA,NA,NA,NA
2020-04-05 10:00:00,Stmk,NA,NA,NA,NA,NA,NA
2020-04-05 10:00:00,Szb,NA,NA,NA,NA,NA,NA
2020-04-05 10:00:00,T,NA,NA,NA,NA,NA,NA
2020-04-05 10:00:00,V,NA,NA,NA,NA,NA,NA
2020-04-05 10:00:00,W,NA,NA,NA,NA,NA,NA
2020-04-05 15:00:00,AT,11907,NA,NA,NA,NA,NA
2020-04-05 15:00:00,B,226,NA,NA,NA,NA,NA
2020-04-05 15:00:00,K,319,NA,NA,NA,NA,NA
2020-04-05 15:00:00,NOe,1903,NA,NA,NA,NA,NA
2020-04-05 15:00:00,OOe,1932,NA,NA,NA,NA,NA
2020-04-05 15:00:00,Stmk,1311,NA,NA,NA,NA,NA
2020-04-05 15:00:00,Szb,1069,NA,NA,NA,NA,NA
2020-04-05 15:00:00,T,2704,NA,NA,NA,NA,NA
2020-04-05 15:00:00,V,742,NA,NA,NA,NA,NA
2020-04-05 15:00:00,W,1701,NA,NA,NA,NA,NA
2020-04-06 07:30:00,AT,NA,NA,1074,250,NA,NA
2020-04-06 07:30:00,B,NA,NA,11,6,NA,NA
2020-04-06 07:30:00,K,NA,NA,34,12,NA,NA
2020-04-06 07:30:00,NOe,NA,NA,207,43,NA,NA
2020-04-06 07:30:00,OOe,NA,NA,135,29,NA,NA
2020-04-06 07:30:00,Stmk,NA,NA,155,30,NA,NA
2020-04-06 07:30:00,Szb,NA,NA,90,18,NA,NA
2020-04-06 07:30:00,T,NA,NA,200,59,NA,NA
2020-04-06 07:30:00,V,NA,NA,43,11,NA,NA
2020-04-06 07:30:00,W,NA,NA,199,42,NA,NA
2020-04-06 09:30:00,AT,NA,220,NA,NA,3463,NA
2020-04-06 09:30:00,B,NA,3,NA,NA,47,NA
2020-04-06 09:30:00,K,NA,4,NA,NA,120,NA
2020-04-06 09:30:00,NOe,NA,36,NA,NA,481,NA
2020-04-06 09:30:00,OOe,NA,22,NA,NA,720,NA
2020-04-06 09:30:00,Stmk,NA,56,NA,NA,183,NA
2020-04-06 09:30:00,Szb,NA,15,NA,NA,269,NA
2020-04-06 09:30:00,T,NA,35,NA,NA,1076,NA
2020-04-06 09:30:00,V,NA,5,NA,NA,303,NA
2020-04-06 09:30:00,W,NA,44,NA,NA,264,NA
2020-04-06 10:00:00,AT,NA,NA,NA,NA,NA,111296
2020-04-06 10:00:00,B,NA,NA,NA,NA,NA,NA
2020-04-06 10:00:00,K,NA,NA,NA,NA,NA,NA
2020-04-06 10:00:00,NOe,NA,NA,NA,NA,NA,NA
2020-04-06 10:00:00,OOe,NA,NA,NA,NA,NA,NA
2020-04-06 10:00:00,Stmk,NA,NA,NA,NA,NA,NA
2020-04-06 10:00:00,Szb,NA,NA,NA,NA,NA,NA
2020-04-06 10:00:00,T,NA,NA,NA,NA,NA,NA
2020-04-06 10:00:00,V,NA,NA,NA,NA,NA,NA
2020-04-06 10:00:00,W,NA,NA,NA,NA,NA,NA
2020-04-06 15:00:00,AT,12206,NA,NA,NA,NA,NA
2020-04-06 15:00:00,B,228,NA,NA,NA,NA,NA
2020-04-06 15:00:00,K,328,NA,NA,NA,NA,NA
2020-04-06 15:00:00,NOe,1994,NA,NA,NA,NA,NA
2020-04-06 15:00:00,OOe,1963,NA,NA,NA,NA,NA
2020-04-06 15:00:00,Stmk,1339,NA,NA,NA,NA,NA
2020-04-06 15:00:00,Szb,1083,NA,NA,NA,NA,NA
2020-04-06 15:00:00,T,2774,NA,NA,NA,NA,NA
2020-04-06 15:00:00,V,754,NA,NA,NA,NA,NA
2020-04-06 15:00:00,W,1743,NA,NA,NA,NA,NA
2020-04-07 07:30:00,AT,NA,NA,1100,243,NA,NA
2020-04-07 07:30:00,B,NA,NA,13,4,NA,NA
2020-04-07 07:30:00,K,NA,NA,35,12,NA,NA
2020-04-07 07:30:00,NOe,NA,NA,217,48,NA,NA
2020-04-07 07:30:00,OOe,NA,NA,125,31,NA,NA
2020-04-07 07:30:00,Stmk,NA,NA,166,29,NA,NA
2020-04-07 07:30:00,Szb,NA,NA,95,16,NA,NA
2020-04-07 07:30:00,T,NA,NA,215,59,NA,NA
2020-04-07 07:30:00,V,NA,NA,43,11,NA,NA
2020-04-07 07:30:00,W,NA,NA,191,33,NA,NA
2020-04-07 09:30:00,AT,NA,243,NA,NA,4046,115235
2020-04-07 09:30:00,B,NA,3,NA,NA,60,NA
2020-04-07 09:30:00,K,NA,4,NA,NA,132,NA
2020-04-07 09:30:00,NOe,NA,39,NA,NA,567,NA
2020-04-07 09:30:00,OOe,NA,23,NA,NA,819,NA
2020-04-07 09:30:00,Stmk,NA,60,NA,NA,262,NA
2020-04-07 09:30:00,Szb,NA,16,NA,NA,294,NA
2020-04-07 09:30:00,T,NA,40,NA,NA,1237,NA
2020-04-07 09:30:00,V,NA,5,NA,NA,403,NA
2020-04-07 09:30:00,W,NA,53,NA,NA,272,NA
2020-04-07 15:00:00,AT,12519,NA,NA,NA,NA,NA
2020-04-07 15:00:00,B,234,NA,NA,NA,NA,NA
2020-04-07 15:00:00,K,341,NA,NA,NA,NA,NA
2020-04-07 15:00:00,NOe,2071,NA,NA,NA,NA,NA
2020-04-07 15:00:00,OOe,1991,NA,NA,NA,NA,NA
2020-04-07 15:00:00,Stmk,1372,NA,NA,NA,NA,NA
2020-04-07 15:00:00,Szb,1094,NA,NA,NA,NA,NA
2020-04-07 15:00:00,T,2835,NA,NA,NA,NA,NA
2020-04-07 15:00:00,V,768,NA,NA,NA,NA,NA
2020-04-07 15:00:00,W,1813,NA,NA,NA,NA,NA
2020-04-08 08:00:00,AT,NA,NA,1096,267,NA,NA
2020-04-08 08:00:00,B,NA,NA,12,2,NA,NA
2020-04-08 08:00:00,K,NA,NA,33,12,NA,NA
2020-04-08 08:00:00,NOe,NA,NA,208,55,NA,NA
2020-04-08 08:00:00,OOe,NA,NA,152,33,NA,NA
2020-04-08 08:00:00,Stmk,NA,NA,176,33,NA,NA
2020-04-08 08:00:00,Szb,NA,NA,90,21,NA,NA
2020-04-08 08:00:00,T,NA,NA,197,65,NA,NA
2020-04-08 08:00:00,V,NA,NA,40,11,NA,NA
2020-04-08 08:00:00,W,NA,NA,188,35,NA,NA
2020-04-08 10:00:00,AT,NA,273,NA,NA,4512,120755
2020-04-08 10:00:00,B,NA,3,NA,NA,71,NA
2020-04-08 10:00:00,K,NA,5,NA,NA,148,NA
2020-04-08 10:00:00,NOe,NA,42,NA,NA,646,NA
2020-04-08 10:00:00,OOe,NA,28,NA,NA,858,NA
2020-04-08 10:00:00,Stmk,NA,66,NA,NA,303,NA
2020-04-08 10:00:00,Szb,NA,20,NA,NA,361,NA
2020-04-08 10:00:00,T,NA,46,NA,NA,1370,NA
2020-04-08 10:00:00,V,NA,5,NA,NA,463,NA
2020-04-08 10:00:00,W,NA,58,NA,NA,292,NA
2020-04-08 15:00:00,AT,12852,NA,NA,NA,NA,NA
2020-04-08 15:00:00,B,242,NA,NA,NA,NA,NA
2020-04-08 15:00:00,K,353,NA,NA,NA,NA,NA
2020-04-08 15:00:00,NOe,2122,NA,NA,NA,NA,NA
2020-04-08 15:00:00,OOe,2037,NA,NA,NA,NA,NA
2020-04-08 15:00:00,Stmk,1423,NA,NA,NA,NA,NA
2020-04-08 15:00:00,Szb,1119,NA,NA,NA,NA,NA
2020-04-08 15:00:00,T,2903,NA,NA,NA,NA,NA
2020-04-08 15:00:00,V,793,NA,NA,NA,NA,NA
2020-04-08 15:00:00,W,1860,NA,NA,NA,NA,NA
2020-04-09 08:30:00,AT,NA,NA,1086,266,NA,NA
2020-04-09 08:30:00,B,NA,NA,15,4,NA,NA
2020-04-09 08:30:00,K,NA,NA,32,13,NA,NA
2020-04-09 08:30:00,NOe,NA,NA,208,54,NA,NA
2020-04-09 08:30:00,OOe,NA,NA,146,29,NA,NA
2020-04-09 08:30:00,Stmk,NA,NA,172,31,NA,NA
2020-04-09 08:30:00,Szb,NA,NA,94,19,NA,NA
2020-04-09 08:30:00,T,NA,NA,188,65,NA,NA
2020-04-09 08:30:00,V,NA,NA,40,11,NA,NA
2020-04-09 08:30:00,W,NA,NA,191,40,NA,NA
2020-04-09 10:30:00,AT,NA,295,NA,NA,5240,126287
2020-04-09 10:30:00,B,NA,3,NA,NA,81,NA
2020-04-09 10:30:00,K,NA,5,NA,NA,173,NA
2020-04-09 10:30:00,NOe,NA,47,NA,NA,747,NA
2020-04-09 10:30:00,OOe,NA,29,NA,NA,1075,NA
2020-04-09 10:30:00,Stmk,NA,69,NA,NA,367,NA
2020-04-09 10:30:00,Szb,NA,20,NA,NA,432,NA
2020-04-09 10:30:00,T,NA,53,NA,NA,1552,NA
2020-04-09 10:30:00,V,NA,7,NA,NA,509,NA
2020-04-09 10:30:00,W,NA,62,NA,NA,304,NA
2020-04-09 15:00:00,AT,13138,NA,NA,NA,NA,NA
2020-04-09 15:00:00,B,245,NA,NA,NA,NA,NA
2020-04-09 15:00:00,K,365,NA,NA,NA,NA,NA
2020-04-09 15:00:00,NOe,2169,NA,NA,NA,NA,NA
2020-04-09 15:00:00,OOe,2079,NA,NA,NA,NA,NA
2020-04-09 15:00:00,Stmk,1458,NA,NA,NA,NA,NA
2020-04-09 15:00:00,Szb,1134,NA,NA,NA,NA,NA
2020-04-09 15:00:00,T,2996,NA,NA,NA,NA,NA
2020-04-09 15:00:00,V,800,NA,NA,NA,NA,NA
2020-04-09 15:00:00,W,1892,NA,NA,NA,NA,NA
2020-04-10 08:00:00,AT,NA,NA,1032,261,NA,NA
2020-04-10 08:00:00,B,NA,NA,12,4,NA,NA
2020-04-10 08:00:00,K,NA,NA,30,12,NA,NA
2020-04-10 08:00:00,NOe,NA,NA,205,53,NA,NA
2020-04-10 08:00:00,OOe,NA,NA,120,28,NA,NA
2020-04-10 08:00:00,Stmk,NA,NA,163,32,NA,NA
2020-04-10 08:00:00,Szb,NA,NA,93,19,NA,NA
2020-04-10 08:00:00,T,NA,NA,183,61,NA,NA
2020-04-10 08:00:00,V,NA,NA,38,11,NA,NA
2020-04-10 08:00:00,W,NA,NA,188,41,NA,NA
2020-04-10 10:00:00,AT,NA,319,NA,NA,6064,134743
2020-04-10 10:00:00,B,NA,4,NA,NA,112,NA
2020-04-10 10:00:00,K,NA,5,NA,NA,193,NA
2020-04-10 10:00:00,NOe,NA,54,NA,NA,851,NA
2020-04-10 10:00:00,OOe,NA,29,NA,NA,1205,NA
2020-04-10 10:00:00,Stmk,NA,71,NA,NA,437,NA
2020-04-10 10:00:00,Szb,NA,23,NA,NA,524,NA
2020-04-10 10:00:00,T,NA,59,NA,NA,1687,NA
2020-04-10 10:00:00,V,NA,7,NA,NA,562,NA
2020-04-10 10:00:00,W,NA,67,NA,NA,493,NA
2020-04-10 15:00:00,AT,13492,NA,NA,NA,NA,NA
2020-04-10 15:00:00,B,253,NA,NA,NA,NA,NA
2020-04-10 15:00:00,K,373,NA,NA,NA,NA,NA
2020-04-10 15:00:00,NOe,2206,NA,NA,NA,NA,NA
2020-04-10 15:00:00,OOe,2100,NA,NA,NA,NA,NA
2020-04-10 15:00:00,Stmk,1484,NA,NA,NA,NA,NA
2020-04-10 15:00:00,Szb,1152,NA,NA,NA,NA,NA
2020-04-10 15:00:00,T,3163,NA,NA,NA,NA,NA
2020-04-10 15:00:00,V,809,NA,NA,NA,NA,NA
2020-04-10 15:00:00,W,1952,NA,NA,NA,NA,NA
2020-04-11 07:30:00,AT,NA,NA,1036,246,NA,NA
2020-04-11 07:30:00,B,NA,NA,14,3,NA,NA
2020-04-11 07:30:00,K,NA,NA,29,10,NA,NA
2020-04-11 07:30:00,NOe,NA,NA,236,42,NA,NA
2020-04-11 07:30:00,OOe,NA,NA,116,29,NA,NA
2020-04-11 07:30:00,Stmk,NA,NA,149,33,NA,NA
2020-04-11 07:30:00,Szb,NA,NA,88,18,NA,NA
2020-04-11 07:30:00,T,NA,NA,179,63,NA,NA
2020-04-11 07:30:00,V,NA,NA,38,11,NA,NA
2020-04-11 07:30:00,W,NA,NA,187,37,NA,NA
2020-04-11 09:30:00,AT,NA,337,NA,NA,6604,140975
2020-04-11 09:30:00,B,NA,5,NA,NA,119,NA
2020-04-11 09:30:00,K,NA,5,NA,NA,212,NA
2020-04-11 09:30:00,NOe,NA,60,NA,NA,951,NA
2020-04-11 09:30:00,OOe,NA,29,NA,NA,1316,NA
2020-04-11 09:30:00,Stmk,NA,73,NA,NA,488,NA
2020-04-11 09:30:00,Szb,NA,24,NA,NA,630,NA
2020-04-11 09:30:00,T,NA,62,NA,NA,1790,NA
2020-04-11 09:30:00,V,NA,7,NA,NA,582,NA
2020-04-11 09:30:00,W,NA,72,NA,NA,516,NA
2020-04-11 15:00:00,AT,13776,NA,NA,NA,NA,NA
2020-04-11 15:00:00,B,259,NA,NA,NA,NA,NA
2020-04-11 15:00:00,K,382,NA,NA,NA,NA,NA
2020-04-11 15:00:00,NOe,2274,NA,NA,NA,NA,NA
2020-04-11 15:00:00,OOe,2115,NA,NA,NA,NA,NA
2020-04-11 15:00:00,Stmk,1515,NA,NA,NA,NA,NA
2020-04-11 15:00:00,Szb,1154,NA,NA,NA,NA,NA
2020-04-11 15:00:00,T,3257,NA,NA,NA,NA,NA
2020-04-11 15:00:00,V,825,NA,NA,NA,NA,NA
2020-04-11 15:00:00,W,1995,NA,NA,NA,NA,NA
2020-04-12 07:30:00,AT,NA,NA,1035,243,NA,NA
2020-04-12 07:30:00,B,NA,NA,17,3,NA,NA
2020-04-12 07:30:00,K,NA,NA,27,10,NA,NA
2020-04-12 07:30:00,NOe,NA,NA,231,42,NA,NA
2020-04-12 07:30:00,OOe,NA,NA,115,29,NA,NA
2020-04-12 07:30:00,Stmk,NA,NA,154,32,NA,NA
2020-04-12 07:30:00,Szb,NA,NA,89,21,NA,NA
2020-04-12 07:30:00,T,NA,NA,174,61,NA,NA
2020-04-12 07:30:00,V,NA,NA,37,10,NA,NA
2020-04-12 07:30:00,W,NA,NA,191,35,NA,NA
2020-04-12 09:30:00,AT,13945,350,NA,NA,6987,144877
2020-04-12 09:30:00,B,260,6,NA,NA,120,NA
2020-04-12 09:30:00,K,382,5,NA,NA,219,NA
2020-04-12 09:30:00,NOe,2284,62,NA,NA,1010,NA
2020-04-12 09:30:00,OOe,2118,30,NA,NA,1381,NA
2020-04-12 09:30:00,Stmk,1524,76,NA,NA,512,NA
2020-04-12 09:30:00,Szb,1181,24,NA,NA,704,NA
2020-04-12 09:30:00,T,3324,66,NA,NA,1901,NA
2020-04-12 09:30:00,V,843,7,NA,NA,607,NA
2020-04-12 09:30:00,W,2029,74,NA,NA,533,NA
2020-04-13 07:30:00,AT,NA,NA,981,239,NA,NA
2020-04-13 07:30:00,B,NA,NA,12,3,NA,NA
2020-04-13 07:30:00,K,NA,NA,27,10,NA,NA
2020-04-13 07:30:00,NOe,NA,NA,234,42,NA,NA
2020-04-13 07:30:00,OOe,NA,NA,116,32,NA,NA
2020-04-13 07:30:00,Stmk,NA,NA,146,31,NA,NA
2020-04-13 07:30:00,Szb,NA,NA,91,20,NA,NA
2020-04-13 07:30:00,T,NA,NA,160,57,NA,NA
2020-04-13 07:30:00,V,NA,NA,32,10,NA,NA
2020-04-13 07:30:00,W,NA,NA,163,34,NA,NA
2020-04-13 09:30:00,AT,NA,368,NA,NA,7343,148412
2020-04-13 09:30:00,B,NA,6,NA,NA,134,NA
2020-04-13 09:30:00,K,NA,8,NA,NA,227,NA
2020-04-13 09:30:00,NOe,NA,66,NA,NA,1088,NA
2020-04-13 09:30:00,OOe,NA,32,NA,NA,1483,NA
2020-04-13 09:30:00,Stmk,NA,80,NA,NA,517,NA
2020-04-13 09:30:00,Szb,NA,26,NA,NA,735,NA
2020-04-13 09:30:00,T,NA,68,NA,NA,1989,NA
2020-04-13 09:30:00,V,NA,7,NA,NA,619,NA
2020-04-13 09:30:00,W,NA,75,NA,NA,551,NA
2020-04-13 15:00:00,AT,13999,NA,NA,NA,NA,NA
2020-04-13 15:00:00,B,268,NA,NA,NA,NA,NA
2020-04-13 15:00:00,K,386,NA,NA,NA,NA,NA
2020-04-13 15:00:00,NOe,2343,NA,NA,NA,NA,NA
2020-04-13 15:00:00,OOe,2127,NA,NA,NA,NA,NA
2020-04-13 15:00:00,Stmk,1560,NA,NA,NA,NA,NA
2020-04-13 15:00:00,Szb,1169,NA,NA,NA,NA,NA
2020-04-13 15:00:00,T,3299,NA,NA,NA,NA,NA
2020-04-13 15:00:00,V,832,NA,NA,NA,NA,NA
2020-04-13 15:00:00,W,2015,NA,NA,NA,NA,NA
2020-04-14 07:30:00,AT,NA,NA,1002,243,NA,NA
2020-04-14 07:30:00,B,NA,NA,15,4,NA,NA
2020-04-14 07:30:00,K,NA,NA,24,8,NA,NA
2020-04-14 07:30:00,NOe,NA,NA,236,43,NA,NA
2020-04-14 07:30:00,OOe,NA,NA,116,30,NA,NA
2020-04-14 07:30:00,Stmk,NA,NA,141,28,NA,NA
2020-04-14 07:30:00,Szb,NA,NA,101,20,NA,NA
2020-04-14 07:30:00,T,NA,NA,160,56,NA,NA
2020-04-14 07:30:00,V,NA,NA,33,10,NA,NA
2020-04-14 07:30:00,W,NA,NA,176,44,NA,NA
2020-04-14 09:30:00,AT,NA,384,NA,NA,7633,151796
2020-04-14 09:30:00,B,NA,6,NA,NA,135,NA
2020-04-14 09:30:00,K,NA,9,NA,NA,241,NA
2020-04-14 09:30:00,NOe,NA,67,NA,NA,1167,NA
2020-04-14 09:30:00,OOe,NA,32,NA,NA,1524,NA
2020-04-14 09:30:00,Stmk,NA,87,NA,NA,534,NA
2020-04-14 09:30:00,Szb,NA,26,NA,NA,762,NA
2020-04-14 09:30:00,T,NA,72,NA,NA,2073,NA
2020-04-14 09:30:00,V,NA,7,NA,NA,637,NA
2020-04-14 09:30:00,W,NA,78,NA,NA,560,NA
2020-04-14 15:00:00,AT,14159,NA,NA,NA,NA,NA
2020-04-14 15:00:00,B,271,NA,NA,NA,NA,NA
2020-04-14 15:00:00,K,386,NA,NA,NA,NA,NA
2020-04-14 15:00:00,NOe,2387,NA,NA,NA,NA,NA
2020-04-14 15:00:00,OOe,2140,NA,NA,NA,NA,NA
2020-04-14 15:00:00,Stmk,1588,NA,NA,NA,NA,NA
2020-04-14 15:00:00,Szb,1174,NA,NA,NA,NA,NA
2020-04-14 15:00:00,T,3328,NA,NA,NA,NA,NA
2020-04-14 15:00:00,V,832,NA,NA,NA,NA,NA
2020-04-14 15:00:00,W,2053,NA,NA,NA,NA,NA
2020-04-15 07:30:00,AT,NA,393,1001,232,8098,156801
2020-04-15 07:30:00,B,NA,6,20,4,148,1938
2020-04-15 07:30:00,K,NA,8,25,10,255,6549
2020-04-15 07:30:00,NOe,NA,71,235,42,1315,16188
2020-04-15 07:30:00,OOe,NA,32,117,30,1633,26579
2020-04-15 07:30:00,Stmk,NA,90,142,24,617,16225
2020-04-15 07:30:00,Szb,NA,26,97,19,778,12837
2020-04-15 07:30:00,T,NA,72,164,55,2134,37091
2020-04-15 07:30:00,V,NA,7,33,10,646,6734
2020-04-15 07:30:00,W,NA,81,168,38,572,3266
2020-04-15 13:00:00,AT,14321,NA,NA,NA,NA,NA
2020-04-15 13:00:00,B,278,NA,NA,NA,NA,NA
2020-04-15 13:00:00,K,388,NA,NA,NA,NA,NA
2020-04-15 13:00:00,NOe,2415,NA,NA,NA,NA,NA
2020-04-15 13:00:00,OOe,2162,NA,NA,NA,NA,NA
2020-04-15 13:00:00,Stmk,16,NA,NA,NA,NA,NA
2020-04-15 13:00:00,Szb,1178,NA,NA,NA,NA,NA
2020-04-15 13:00:00,T,3352,NA,NA,NA,NA,NA
2020-04-15 13:00:00,V,847,NA,NA,NA,NA,NA
2020-04-15 13:00:00,W,2101,NA,NA,NA,NA,NA
2020-04-16 07:30:00,AT,NA,410,967,238,8986,162816
2020-04-16 07:30:00,B,NA,6,17,4,165,2020
2020-04-16 07:30:00,K,NA,8,23,10,269,6767
2020-04-16 07:30:00,NOe,NA,73,236,46,1415,17410
2020-04-16 07:30:00,OOe,NA,34,109,31,1714,27453
2020-04-16 07:30:00,Stmk,NA,93,141,21,661,16996
2020-04-16 07:30:00,Szb,NA,27,88,15,790,13288
2020-04-16 07:30:00,T,NA,80,144,54,2244,38388
2020-04-16 07:30:00,V,NA,7,29,11,654,6887
2020-04-16 07:30:00,W,NA,82,180,46,1074,33607
2020-04-16 13:00:00,AT,14451,NA,NA,NA,NA,NA
2020-04-16 13:00:00,B,286,NA,NA,NA,NA,NA
2020-04-16 13:00:00,K,389,NA,NA,NA,NA,NA
2020-04-16 13:00:00,NOe,2436,NA,NA,NA,NA,NA
2020-04-16 13:00:00,OOe,2174,NA,NA,NA,NA,NA
2020-04-16 13:00:00,Stmk,1617,NA,NA,NA,NA,NA
2020-04-16 13:00:00,Szb,1186,NA,NA,NA,NA,NA
2020-04-16 13:00:00,T,3392,NA,NA,NA,NA,NA
2020-04-16 13:00:00,V,852,NA,NA,NA,NA,NA
2020-04-16 13:00:00,W,2119,NA,NA,NA,NA,NA
2020-04-17 07:30:00,AT,NA,431,909,227,9704,169272
2020-04-17 07:30:00,B,NA,7,18,5,167,2209
2020-04-17 07:30:00,K,NA,8,18,8,274,6956
2020-04-17 07:30:00,NOe,NA,77,219,40,1498,18269
2020-04-17 07:30:00,OOe,NA,37,101,30,1753,27858
2020-04-17 07:30:00,Stmk,NA,97,134,22,717,17998
2020-04-17 07:30:00,Szb,NA,28,96,19,875,13659
2020-04-17 07:30:00,T,NA,83,135,54,2374,39722
2020-04-17 07:30:00,V,NA,8,23,10,665,6998
2020-04-17 07:30:00,W,NA,86,165,39,1381,35603
2020-04-17 13:00:00,AT,14553,NA,NA,NA,NA,NA
2020-04-17 13:00:00,B,289,NA,NA,NA,NA,NA
2020-04-17 13:00:00,K,394,NA,NA,NA,NA,NA
2020-04-17 13:00:00,NOe,2461,NA,NA,NA,NA,NA
2020-04-17 13:00:00,OOe,2183,NA,NA,NA,NA,NA
2020-04-17 13:00:00,Stmk,1631,NA,NA,NA,NA,NA
2020-04-17 13:00:00,Szb,1190,NA,NA,NA,NA,NA
2020-04-17 13:00:00,T,3406,NA,NA,NA,NA,NA
2020-04-17 13:00:00,V,854,NA,NA,NA,NA,NA
2020-04-17 13:00:00,W,2145,NA,NA,NA,NA,NA
2020-04-18 06:00:00,AT,14595,NA,NA,NA,NA,NA
2020-04-18 06:00:00,B,295,NA,NA,NA,NA,NA
2020-04-18 06:00:00,K,395,NA,NA,NA,NA,NA
2020-04-18 06:00:00,NOe,2461,NA,NA,NA,NA,NA
2020-04-18 06:00:00,OOe,2194,NA,NA,NA,NA,NA
2020-04-18 06:00:00,Stmk,1638,NA,NA,NA,NA,NA
2020-04-18 06:00:00,Szb,1191,NA,NA,NA,NA,NA
2020-04-18 06:00:00,T,3407,NA,NA,NA,NA,NA
2020-04-18 06:00:00,V,855,NA,NA,NA,NA,NA
2020-04-18 06:00:00,W,2159,NA,NA,NA,NA,NA
2020-04-18 07:30:00,AT,NA,443,855,208,10214,175932
2020-04-18 07:30:00,B,NA,7,17,5,181,2301
2020-04-18 07:30:00,K,NA,9,16,9,295,7156
2020-04-18 07:30:00,NOe,NA,80,207,41,1560,18831
2020-04-18 07:30:00,OOe,NA,37,97,25,1822,29190
2020-04-18 07:30:00,Stmk,NA,99,118,20,775,19036
2020-04-18 07:30:00,Szb,NA,29,91,17,875,14085
2020-04-18 07:30:00,T,NA,85,125,51,2486,40884
2020-04-18 07:30:00,V,NA,9,23,8,668,7193
2020-04-18 07:30:00,W,NA,88,161,32,1552,37256
2020-04-19 07:30:00,AT,NA,452,817,204,10501,179243
2020-04-19 07:30:00,B,NA,8,16,5,198,2357
2020-04-19 07:30:00,K,NA,10,15,9,302,7268
2020-04-19 07:30:00,NOe,NA,82,196,40,1560,19112
2020-04-19 07:30:00,OOe,NA,38,95,29,1847,29696
2020-04-19 07:30:00,Stmk,NA,101,117,18,809,19749
2020-04-19 07:30:00,Szb,NA,29,88,16,929,14386
2020-04-19 07:30:00,T,NA,85,112,49,2526,42019
2020-04-19 07:30:00,V,NA,9,19,7,715,7400
2020-04-19 07:30:00,W,NA,90,159,31,1615,37256
2020-04-19 13:00:00,AT,14696,NA,NA,NA,NA,NA
2020-04-19 13:00:00,B,302,NA,NA,NA,NA,NA
2020-04-19 13:00:00,K,394,NA,NA,NA,NA,NA
2020-04-19 13:00:00,NOe,2476,NA,NA,NA,NA,NA
2020-04-19 13:00:00,OOe,2200,NA,NA,NA,NA,NA
2020-04-19 13:00:00,Stmk,1652,NA,NA,NA,NA,NA
2020-04-19 13:00:00,Szb,1199,NA,NA,NA,NA,NA
2020-04-19 13:00:00,T,3417,NA,NA,NA,NA,NA
2020-04-19 13:00:00,V,858,NA,NA,NA,NA,NA
2020-04-19 13:00:00,W,2198,NA,NA,NA,NA,NA
2020-04-20 07:30:00,AT,NA,470,805,194,10631,182949
2020-04-20 07:30:00,B,NA,8,16,4,200,2386
2020-04-20 07:30:00,K,NA,10,15,9,307,7624
2020-04-20 07:30:00,NOe,NA,83,193,37,1572,19588
2020-04-20 07:30:00,OOe,NA,41,90,27,1884,30373
2020-04-20 07:30:00,Stmk,NA,106,108,17,816,20098
2020-04-20 07:30:00,Szb,NA,30,92,17,930,14691
2020-04-20 07:30:00,T,NA,86,114,44,2556,42813
2020-04-20 07:30:00,V,NA,10,18,7,731,7626
2020-04-20 07:30:00,W,NA,96,159,32,1635,37750
2020-04-20 13:00:00,AT,14755,NA,NA,NA,NA,NA
2020-04-20 13:00:00,B,307,NA,NA,NA,NA,NA
2020-04-20 13:00:00,K,394,NA,NA,NA,NA,NA
2020-04-20 13:00:00,NOe,2495,NA,NA,NA,NA,NA
2020-04-20 13:00:00,OOe,2205,NA,NA,NA,NA,NA
2020-04-20 13:00:00,Stmk,1663,NA,NA,NA,NA,NA
2020-04-20 13:00:00,Szb,1201,NA,NA,NA,NA,NA
2020-04-20 13:00:00,T,3427,NA,NA,NA,NA,NA
2020-04-20 13:00:00,V,859,NA,NA,NA,NA,NA
2020-04-20 13:00:00,W,2204,NA,NA,NA,NA,NA
2020-04-21 06:00:00,AT,14790,NA,NA,NA,NA,NA
2020-04-21 06:00:00,B,309,NA,NA,NA,NA,NA
2020-04-21 06:00:00,K,397,NA,NA,NA,NA,NA
2020-04-21 06:00:00,NOe,2501,NA,NA,NA,NA,NA
2020-04-21 06:00:00,OOe,2211,NA,NA,NA,NA,NA
2020-04-21 06:00:00,Stmk,1664,NA,NA,NA,NA,NA
2020-04-21 06:00:00,Szb,1201,NA,NA,NA,NA,NA
2020-04-21 06:00:00,T,3431,NA,NA,NA,NA,NA
2020-04-21 06:00:00,V,861,NA,NA,NA,NA,NA
2020-04-21 06:00:00,W,2215,NA,NA,NA,NA,NA
2020-04-21 07:30:00,AT,NA,491,756,196,10971,189018
2020-04-21 07:30:00,B,NA,8,17,4,210,2534
2020-04-21 07:30:00,K,NA,12,17,9,316,7914
2020-04-21 07:30:00,NOe,NA,85,151,42,1623,20218
2020-04-21 07:30:00,OOe,NA,44,90,30,1912,31046
2020-04-21 07:30:00,Stmk,NA,109,103,17,874,20792
2020-04-21 07:30:00,Szb,NA,30,94,15,949,14944
2020-04-21 07:30:00,T,NA,91,111,44,2698,43731
2020-04-21 07:30:00,V,NA,13,17,6,733,7959
2020-04-21 07:30:00,W,NA,99,156,29,1656,39880
2020-04-22 07:30:00,AT,NA,510,700,176,11328,201794
2020-04-22 07:30:00,B,NA,9,12,2,227,2660
2020-04-22 07:30:00,K,NA,12,14,7,331,8269
2020-04-22 07:30:00,NOe,NA,87,141,43,1685,20980
2020-04-22 07:30:00,OOe,NA,47,79,20,1944,31933
2020-04-22 07:30:00,Stmk,NA,110,95,14,904,21678
2020-04-22 07:30:00,Szb,NA,33,105,13,951,15447
2020-04-22 07:30:00,T,NA,95,96,40,2869,44902
2020-04-22 07:30:00,V,NA,13,18,7,740,8384
2020-04-22 07:30:00,W,NA,104,140,30,1677,47541
2020-04-22 13:00:00,AT,14889,NA,NA,NA,NA,NA
2020-04-22 13:00:00,B,311,NA,NA,NA,NA,NA
2020-04-22 13:00:00,K,402,NA,NA,NA,NA,NA
2020-04-22 13:00:00,NOe,2519,NA,NA,NA,NA,NA
2020-04-22 13:00:00,OOe,2218,NA,NA,NA,NA,NA
2020-04-22 13:00:00,Stmk,1679,NA,NA,NA,NA,NA
2020-04-22 13:00:00,Szb,1205,NA,NA,NA,NA,NA
2020-04-22 13:00:00,T,3440,NA,NA,NA,NA,NA
2020-04-22 13:00:00,V,868,NA,NA,NA,NA,NA
2020-04-22 13:00:00,W,2247,NA,NA,NA,NA,NA
2020-04-23 07:30:00,AT,NA,522,677,169,11694,205835
2020-04-23 07:30:00,B,NA,9,17,4,226,3006
2020-04-23 07:30:00,K,NA,12,14,7,346,8528
2020-04-23 07:30:00,NOe,NA,88,131,43,1841,21969
2020-04-23 07:30:00,OOe,NA,48,78,18,1972,33100
2020-04-23 07:30:00,Stmk,NA,115,99,16,952,22738
2020-04-23 07:30:00,Szb,NA,33,92,14,1008,15969
2020-04-23 07:30:00,T,NA,98,91,38,2905,46349
2020-04-23 07:30:00,V,NA,14,16,6,745,8656
2020-04-23 07:30:00,W,NA,105,139,23,1699,45520
2020-04-23 13:00:00,AT,14963,NA,NA,NA,NA,NA
2020-04-23 13:00:00,B,314,NA,NA,NA,NA,NA
2020-04-23 13:00:00,K,402,NA,NA,NA,NA,NA
2020-04-23 13:00:00,NOe,2531,NA,NA,NA,NA,NA
2020-04-23 13:00:00,OOe,2222,NA,NA,NA,NA,NA
2020-04-23 13:00:00,Stmk,1693,NA,NA,NA,NA,NA
2020-04-23 13:00:00,Szb,1206,NA,NA,NA,NA,NA
2020-04-23 13:00:00,T,3445,NA,NA,NA,NA,NA
2020-04-23 13:00:00,V,869,NA,NA,NA,NA,NA
2020-04-23 13:00:00,W,2281,NA,NA,NA,NA,NA
2020-04-24 07:30:00,AT,NA,530,651,156,11872,212686
2020-04-24 07:30:00,B,NA,8,14,2,230,3568
2020-04-24 07:30:00,K,NA,12,14,7,356,8755
2020-04-24 07:30:00,NOe,NA,89,127,40,1890,22572
2020-04-24 07:30:00,OOe,NA,48,78,15,2007,34014
2020-04-24 07:30:00,Stmk,NA,119,88,13,973,23673
2020-04-24 07:30:00,Szb,NA,33,90,12,1008,16674
2020-04-24 07:30:00,T,NA,101,81,36,2943,47235
2020-04-24 07:30:00,V,NA,14,14,6,749,8989
2020-04-24 07:30:00,W,NA,106,145,25,1716,47206
2020-04-24 13:00:00,AT,15038,NA,NA,NA,NA,NA
2020-04-24 13:00:00,B,315,NA,NA,NA,NA,NA
2020-04-24 13:00:00,K,402,NA,NA,NA,NA,NA
2020-04-24 13:00:00,NOe,2546,NA,NA,NA,NA,NA
2020-04-24 13:00:00,OOe,2232,NA,NA,NA,NA,NA
2020-04-24 13:00:00,Stmk,1700,NA,NA,NA,NA,NA
2020-04-24 13:00:00,Szb,1207,NA,NA,NA,NA,NA
2020-04-24 13:00:00,T,3457,NA,NA,NA,NA,NA
2020-04-24 13:00:00,V,868,NA,NA,NA,NA,NA
2020-04-24 13:00:00,W,2311,NA,NA,NA,NA,NA
2020-04-25 07:30:00,AT,NA,536,608,148,12103,221089
2020-04-25 07:30:00,B,NA,8,12,2,235,4155
2020-04-25 07:30:00,K,NA,12,13,7,360,8947
2020-04-25 07:30:00,NOe,NA,90,114,37,1950,24800
2020-04-25 07:30:00,OOe,NA,51,71,15,2021,34849
2020-04-25 07:30:00,Stmk,NA,120,77,12,1011,24949
2020-04-25 07:30:00,Szb,NA,33,83,12,1041,17293
2020-04-25 07:30:00,T,NA,101,77,34,2982,48093
2020-04-25 07:30:00,V,NA,14,12,6,755,9396
2020-04-25 07:30:00,W,NA,107,149,23,1748,48607
2020-04-25 13:00:00,AT,15117,NA,NA,NA,NA,NA
2020-04-25 13:00:00,B,316,NA,NA,NA,NA,NA
2020-04-25 13:00:00,K,404,NA,NA,NA,NA,NA
2020-04-25 13:00:00,NOe,2553,NA,NA,NA,NA,NA
2020-04-25 13:00:00,OOe,2239,NA,NA,NA,NA,NA
2020-04-25 13:00:00,Stmk,1722,NA,NA,NA,NA,NA
2020-04-25 13:00:00,Szb,1210,NA,NA,NA,NA,NA
2020-04-25 13:00:00,T,3469,NA,NA,NA,NA,NA
2020-04-25 13:00:00,V,868,NA,NA,NA,NA,NA
2020-04-25 13:00:00,W,2336,NA,NA,NA,NA,NA
2020-04-26 06:00:00,AT,15134,NA,NA,NA,NA,NA
2020-04-26 06:00:00,B,316,NA,NA,NA,NA,NA
2020-04-26 06:00:00,K,404,NA,NA,NA,NA,NA
2020-04-26 06:00:00,NOe,2554,NA,NA,NA,NA,NA
2020-04-26 06:00:00,OOe,2240,NA,NA,NA,NA,NA
2020-04-26 06:00:00,Stmk,1722,NA,NA,NA,NA,NA
2020-04-26 06:00:00,Szb,1210,NA,NA,NA,NA,NA
2020-04-26 06:00:00,T,3473,NA,NA,NA,NA,NA
2020-04-26 06:00:00,V,868,NA,NA,NA,NA,NA
2020-04-26 06:00:00,W,2347,NA,NA,NA,NA,NA
2020-04-26 07:30:00,AT,NA,542,594,145,12282,227631
2020-04-26 07:30:00,B,NA,9,11,2,234,4167
2020-04-26 07:30:00,K,NA,12,12,6,364,9036
2020-04-26 07:30:00,NOe,NA,90,120,39,2026,25849
2020-04-26 07:30:00,OOe,NA,52,67,14,2022,35501
2020-04-26 07:30:00,Stmk,NA,121,76,12,1059,25666
2020-04-26 07:30:00,Szb,NA,33,79,11,1057,18171
2020-04-26 07:30:00,T,NA,101,75,32,2997,48412
2020-04-26 07:30:00,V,NA,14,12,6,757,9856
2020-04-26 07:30:00,W,NA,110,142,23,1766,50973
2020-04-27 07:30:00,AT,NA,549,579,140,12362,232537
2020-04-27 07:30:00,B,NA,9,13,2,236,4232
2020-04-27 07:30:00,K,NA,12,12,6,368,9119
2020-04-27 07:30:00,NOe,NA,92,113,37,2042,27250
2020-04-27 07:30:00,OOe,NA,53,66,11,2022,36230
2020-04-27 07:30:00,Stmk,NA,121,75,12,1068,26126
2020-04-27 07:30:00,Szb,NA,33,74,11,1071,18883
2020-04-27 07:30:00,T,NA,101,74,33,3024,48674
2020-04-27 07:30:00,V,NA,15,11,5,759,10219
2020-04-27 07:30:00,W,NA,113,141,23,1772,51804
2020-04-27 13:00:00,AT,15239,NA,NA,NA,NA,NA
2020-04-27 13:00:00,B,320,NA,NA,NA,NA,NA
2020-04-27 13:00:00,K,407,NA,NA,NA,NA,NA
2020-04-27 13:00:00,NOe,2573,NA,NA,NA,NA,NA
2020-04-27 13:00:00,OOe,2248,NA,NA,NA,NA,NA
2020-04-27 13:00:00,Stmk,1745,NA,NA,NA,NA,NA
2020-04-27 13:00:00,Szb,1214,NA,NA,NA,NA,NA
2020-04-27 13:00:00,T,3484,NA,NA,NA,NA,NA
2020-04-27 13:00:00,V,868,NA,NA,NA,NA,NA
2020-04-27 13:00:00,W,2380,NA,NA,NA,NA,NA
2020-04-28 07:30:00,AT,NA,569,561,136,12580,239578
2020-04-28 07:30:00,B,NA,10,11,3,242,5302
2020-04-28 07:30:00,K,NA,12,11,6,372,9471
2020-04-28 07:30:00,NOe,NA,92,110,35,2101,28534
2020-04-28 07:30:00,OOe,NA,53,60,14,2040,37146
2020-04-28 07:30:00,Stmk,NA,123,74,10,1117,26908
2020-04-28 07:30:00,Szb,NA,34,75,10,1078,19348
2020-04-28 07:30:00,T,NA,103,72,32,3070,49393
2020-04-28 07:30:00,V,NA,15,11,5,779,10362
2020-04-28 07:30:00,W,NA,127,137,21,1781,53114
2020-04-28 13:00:00,AT,15286,NA,NA,NA,NA,NA
2020-04-28 13:00:00,B,321,NA,NA,NA,NA,NA
2020-04-28 13:00:00,K,410,NA,NA,NA,NA,NA
2020-04-28 13:00:00,NOe,2577,NA,NA,NA,NA,NA
2020-04-28 13:00:00,OOe,2251,NA,NA,NA,NA,NA
2020-04-28 13:00:00,Stmk,1751,NA,NA,NA,NA,NA
2020-04-28 13:00:00,Szb,1214,NA,NA,NA,NA,NA
2020-04-28 13:00:00,T,3494,NA,NA,NA,NA,NA
2020-04-28 13:00:00,V,869,NA,NA,NA,NA,NA
2020-04-28 13:00:00,W,2399,NA,NA,NA,NA,NA
2020-04-29 07:30:00,AT,NA,580,517,131,12779,247754
2020-04-29 07:30:00,B,NA,10,8,2,246,5971
2020-04-29 07:30:00,K,NA,12,10,5,378,9648
2020-04-29 07:30:00,NOe,NA,92,104,36,2141,29741
2020-04-29 07:30:00,OOe,NA,55,51,12,2051,38144
2020-04-29 07:30:00,Stmk,NA,126,69,12,1155,27813
2020-04-29 07:30:00,Szb,NA,35,73,10,1081,20210
2020-04-29 07:30:00,T,NA,105,62,28,3151,50269
2020-04-29 07:30:00,V,NA,15,9,5,786,10811
2020-04-29 07:30:00,W,NA,130,131,21,1790,55147
2020-04-29 13:00:00,AT,15352,NA,NA,NA,NA,NA
2020-04-29 13:00:00,B,322,NA,NA,NA,NA,NA
2020-04-29 13:00:00,K,410,NA,NA,NA,NA,NA
2020-04-29 13:00:00,NOe,2591,NA,NA,NA,NA,NA
2020-04-29 13:00:00,OOe,2252,NA,NA,NA,NA,NA
2020-04-29 13:00:00,Stmk,1757,NA,NA,NA,NA,NA
2020-04-29 13:00:00,Szb,1215,NA,NA,NA,NA,NA
2020-04-29 13:00:00,T,3496,NA,NA,NA,NA,NA
2020-04-29 13:00:00,V,870,NA,NA,NA,NA,NA
2020-04-29 13:00:00,W,2439,NA,NA,NA,NA,NA
2020-04-30 07:30:00,AT,NA,584,502,128,12907,256399
2020-04-30 07:30:00,B,NA,10,9,2,250,6619
2020-04-30 07:30:00,K,NA,12,8,5,379,9904
2020-04-30 07:30:00,NOe,NA,92,104,36,2164,31034
2020-04-30 07:30:00,OOe,NA,55,45,12,2074,39188
2020-04-30 07:30:00,Stmk,NA,129,67,10,1187,28844
2020-04-30 07:30:00,Szb,NA,35,73,9,1090,21585
2020-04-30 07:30:00,T,NA,105,60,28,3160,51310
2020-04-30 07:30:00,V,NA,16,7,5,795,11165
2020-04-30 07:30:00,W,NA,130,129,21,1808,56750
2020-04-30 13:00:00,AT,15424,NA,NA,NA,NA,NA
2020-04-30 13:00:00,B,325,NA,NA,NA,NA,NA
2020-04-30 13:00:00,K,410,NA,NA,NA,NA,NA
2020-04-30 13:00:00,NOe,2619,NA,NA,NA,NA,NA
2020-04-30 13:00:00,OOe,2254,NA,NA,NA,NA,NA
2020-04-30 13:00:00,Stmk,1761,NA,NA,NA,NA,NA
2020-04-30 13:00:00,Szb,1217,NA,NA,NA,NA,NA
2020-04-30 13:00:00,T,3502,NA,NA,NA,NA,NA
2020-04-30 13:00:00,V,871,NA,NA,NA,NA,NA
2020-04-30 13:00:00,W,2465,NA,NA,NA,NA,NA
2020-05-01 07:30:00,AT,NA,589,472,124,13092,264079
2020-05-01 07:30:00,B,NA,10,8,2,255,6959
2020-05-01 07:30:00,K,NA,12,8,5,381,10152
2020-05-01 07:30:00,NOe,NA,92,99,37,2221,31930
2020-05-01 07:30:00,OOe,NA,56,44,10,2088,40001
2020-05-01 07:30:00,Stmk,NA,130,61,10,1220,29979
2020-05-01 07:30:00,Szb,NA,36,69,7,1102,22422
2020-05-01 07:30:00,T,NA,105,52,27,3197,52504
2020-05-01 07:30:00,V,NA,17,7,4,811,11719
2020-05-01 07:30:00,W,NA,131,124,22,1817,58413
2020-05-01 13:00:00,AT,15470,NA,NA,NA,NA,NA
2020-05-01 13:00:00,B,326,NA,NA,NA,NA,NA
2020-05-01 13:00:00,K,410,NA,NA,NA,NA,NA
2020-05-01 13:00:00,NOe,2625,NA,NA,NA,NA,NA
2020-05-01 13:00:00,OOe,2255,NA,NA,NA,NA,NA
2020-05-01 13:00:00,Stmk,1764,NA,NA,NA,NA,NA
2020-05-01 13:00:00,Szb,1217,NA,NA,NA,NA,NA
2020-05-01 13:00:00,T,3504,NA,NA,NA,NA,NA
2020-05-01 13:00:00,V,872,NA,NA,NA,NA,NA
2020-05-01 13:00:00,W,2497,NA,NA,NA,NA,NA
2020-05-02 06:00:00,AT,15479,NA,NA,NA,NA,NA
2020-05-02 06:00:00,B,326,NA,NA,NA,NA,NA
2020-05-02 06:00:00,K,410,NA,NA,NA,NA,NA
2020-05-02 06:00:00,NOe,2626,NA,NA,NA,NA,NA
2020-05-02 06:00:00,OOe,2256,NA,NA,NA,NA,NA
2020-05-02 06:00:00,Stmk,1764,NA,NA,NA,NA,NA
2020-05-02 06:00:00,Szb,1217,NA,NA,NA,NA,NA
2020-05-02 06:00:00,T,3504,NA,NA,NA,NA,NA
2020-05-02 06:00:00,V,872,NA,NA,NA,NA,NA
2020-05-02 06:00:00,W,2504,NA,NA,NA,NA,NA
2020-05-03 07:30:00,AT,NA,598,422,114,13228,274355
2020-05-03 07:30:00,B,NA,10,4,1,258,7529
2020-05-03 07:30:00,K,NA,13,6,3,382,10519
2020-05-03 07:30:00,NOe,NA,92,85,34,2255,32815
2020-05-03 07:30:00,OOe,NA,57,48,9,2106,41188
2020-05-03 07:30:00,Stmk,NA,133,47,9,1246,31215
2020-05-03 07:30:00,Szb,NA,36,51,7,1115,24102
2020-05-03 07:30:00,T,NA,105,50,25,3215,53261
2020-05-03 07:30:00,V,NA,17,7,4,824,12783
2020-05-03 07:30:00,W,NA,135,124,22,1827,60943
2020-05-03 13:00:00,AT,15527,NA,NA,NA,NA,NA
2020-05-03 13:00:00,B,327,NA,NA,NA,NA,NA
2020-05-03 13:00:00,K,410,NA,NA,NA,NA,NA
2020-05-03 13:00:00,NOe,2633,NA,NA,NA,NA,NA
2020-05-03 13:00:00,OOe,2257,NA,NA,NA,NA,NA
2020-05-03 13:00:00,Stmk,1766,NA,NA,NA,NA,NA
2020-05-03 13:00:00,Szb,1219,NA,NA,NA,NA,NA
2020-05-03 13:00:00,T,3504,NA,NA,NA,NA,NA
2020-05-03 13:00:00,V,873,NA,NA,NA,NA,NA
2020-05-03 13:00:00,W,2538,NA,NA,NA,NA,NA
2020-05-04 07:30:00,AT,NA,600,420,111,13316,279071
2020-05-04 07:30:00,B,NA,11,3,1,261,7637
2020-05-04 07:30:00,K,NA,13,6,3,382,10837
2020-05-04 07:30:00,NOe,NA,93,86,35,2270,33646
2020-05-04 07:30:00,OOe,NA,56,40,8,2110,41843
2020-05-04 07:30:00,Stmk,NA,133,43,9,1252,31579
2020-05-04 07:30:00,Szb,NA,36,60,7,1116,24613
2020-05-04 07:30:00,T,NA,105,49,25,3217,53512
2020-05-04 07:30:00,V,NA,17,7,4,824,13040
2020-05-04 07:30:00,W,NA,136,126,19,1884,62364
2020-05-04 13:00:00,AT,15551,NA,NA,NA,NA,NA
2020-05-04 13:00:00,B,328,NA,NA,NA,NA,NA
2020-05-04 13:00:00,K,410,NA,NA,NA,NA,NA
2020-05-04 13:00:00,NOe,2638,NA,NA,NA,NA,NA
2020-05-04 13:00:00,OOe,2258,NA,NA,NA,NA,NA
2020-05-04 13:00:00,Stmk,1774,NA,NA,NA,NA,NA
2020-05-04 13:00:00,Szb,1219,NA,NA,NA,NA,NA
2020-05-04 13:00:00,T,3509,NA,NA,NA,NA,NA
2020-05-04 13:00:00,V,874,NA,NA,NA,NA,NA
2020-05-04 13:00:00,W,2541,NA,NA,NA,NA,NA
2020-05-05 07:30:00,AT,NA,606,418,104,13462,285883
2020-05-05 07:30:00,B,NA,11,6,1,261,7795
2020-05-05 07:30:00,K,NA,13,5,2,383,11029
2020-05-05 07:30:00,NOe,NA,95,86,33,2310,34690
2020-05-05 07:30:00,OOe,NA,57,40,7,2115,42706
2020-05-05 07:30:00,Stmk,NA,134,41,9,1300,32158
2020-05-05 07:30:00,Szb,NA,36,53,7,1119,25216
2020-05-05 07:30:00,T,NA,105,43,21,3244,54720
2020-05-05 07:30:00,V,NA,18,8,4,828,13156
2020-05-05 07:30:00,W,NA,137,136,20,1902,64413
2020-05-05 13:00:00,AT,15579,NA,NA,NA,NA,NA
2020-05-05 13:00:00,B,329,NA,NA,NA,NA,NA
2020-05-05 13:00:00,K,411,NA,NA,NA,NA,NA
2020-05-05 13:00:00,NOe,2650,NA,NA,NA,NA,NA
2020-05-05 13:00:00,OOe,2258,NA,NA,NA,NA,NA
2020-05-05 13:00:00,Stmk,1777,NA,NA,NA,NA,NA
2020-05-05 13:00:00,Szb,1214,NA,NA,NA,NA,NA
2020-05-05 13:00:00,T,3509,NA,NA,NA,NA,NA
2020-05-05 13:00:00,V,874,NA,NA,NA,NA,NA
2020-05-05 13:00:00,W,2557,NA,NA,NA,NA,NA
2020-05-06 06:00:00,AT,15589,NA,NA,NA,NA,NA
2020-05-06 06:00:00,B,329,NA,NA,NA,NA,NA
2020-05-06 06:00:00,K,411,NA,NA,NA,NA,NA
2020-05-06 06:00:00,NOe,2653,NA,NA,NA,NA,NA
2020-05-06 06:00:00,OOe,2259,NA,NA,NA,NA,NA
2020-05-06 06:00:00,Stmk,1778,NA,NA,NA,NA,NA
2020-05-06 06:00:00,Szb,1214,NA,NA,NA,NA,NA
2020-05-06 06:00:00,T,3510,NA,NA,NA,NA,NA
2020-05-06 06:00:00,V,875,NA,NA,NA,NA,NA
2020-05-06 06:00:00,W,2560,NA,NA,NA,NA,NA
2020-05-06 07:30:00,AT,NA,608,418,97,13639,292254
2020-05-06 07:30:00,B,NA,11,5,1,264,7847
2020-05-06 07:30:00,K,NA,13,5,3,385,11483
2020-05-06 07:30:00,NOe,NA,95,84,29,2369,35997
2020-05-06 07:30:00,OOe,NA,57,36,6,2131,43698
2020-05-06 07:30:00,Stmk,NA,134,40,8,1333,33003
2020-05-06 07:30:00,Szb,NA,36,59,7,1132,24790
2020-05-06 07:30:00,T,NA,106,37,19,3271,55574
2020-05-06 07:30:00,V,NA,19,7,4,826,13324
2020-05-06 07:30:00,W,NA,137,145,20,1928,66538
2020-05-07 06:00:00,AT,15652,NA,NA,NA,NA,NA
2020-05-07 06:00:00,B,330,NA,NA,NA,NA,NA
2020-05-07 06:00:00,K,411,NA,NA,NA,NA,NA
2020-05-07 06:00:00,NOe,2663,NA,NA,NA,NA,NA
2020-05-07 06:00:00,OOe,2263,NA,NA,NA,NA,NA
2020-05-07 06:00:00,Stmk,1785,NA,NA,NA,NA,NA
2020-05-07 06:00:00,Szb,1213,NA,NA,NA,NA,NA
2020-05-07 06:00:00,T,3513,NA,NA,NA,NA,NA
2020-05-07 06:00:00,V,875,NA,NA,NA,NA,NA
2020-05-07 06:00:00,W,2599,NA,NA,NA,NA,NA
2020-05-07 07:30:00,AT,NA,609,360,92,13698,297894
2020-05-07 07:30:00,B,NA,11,4,1,269,8078
2020-05-07 07:30:00,K,NA,13,5,3,385,11647
2020-05-07 07:30:00,NOe,NA,95,76,28,2370,37010
2020-05-07 07:30:00,OOe,NA,57,32,7,2139,44417
2020-05-07 07:30:00,Stmk,NA,134,38,7,1350,33702
2020-05-07 07:30:00,Szb,NA,36,58,7,1140,25320
2020-05-07 07:30:00,T,NA,106,30,17,3275,56188
2020-05-07 07:30:00,V,NA,19,6,3,833,13794
2020-05-07 07:30:00,W,NA,138,111,19,1937,67738
2020-05-08 07:30:00,AT,NA,614,339,81,13836,304069
2020-05-08 07:30:00,B,NA,11,6,0,272,8145
2020-05-08 07:30:00,K,NA,13,3,2,386,11980
2020-05-08 07:30:00,NOe,NA,95,73,28,2394,38048
2020-05-08 07:30:00,OOe,NA,57,28,4,2151,45271
2020-05-08 07:30:00,Stmk,NA,135,38,6,1380,34368
2020-05-08 07:30:00,Szb,NA,36,50,7,1142,26080
2020-05-08 07:30:00,T,NA,107,29,14,3284,57044
2020-05-08 07:30:00,V,NA,19,3,2,835,14274
2020-05-08 07:30:00,W,NA,141,109,18,1992,68859
2020-05-08 13:00:00,AT,15714,NA,NA,NA,NA,NA
2020-05-08 13:00:00,B,330,NA,NA,NA,NA,NA
2020-05-08 13:00:00,K,411,NA,NA,NA,NA,NA
2020-05-08 13:00:00,NOe,2682,NA,NA,NA,NA,NA
2020-05-08 13:00:00,OOe,2265,NA,NA,NA,NA,NA
2020-05-08 13:00:00,Stmk,1792,NA,NA,NA,NA,NA
2020-05-08 13:00:00,Szb,1212,NA,NA,NA,NA,NA
2020-05-08 13:00:00,T,3517,NA,NA,NA,NA,NA
2020-05-08 13:00:00,V,874,NA,NA,NA,NA,NA
2020-05-08 13:00:00,W,2631,NA,NA,NA,NA,NA
