Stamp,Status,Region,Count
2020-03-25 08:00:00,Confirmed,Amstetten,97
2020-03-25 08:00:00,Confirmed,Baden,45
2020-03-25 08:00:00,Confirmed,Bludenz,118
2020-03-25 08:00:00,Confirmed,Braunau_am_Inn,18
2020-03-25 08:00:00,Confirmed,Bregenz,97
2020-03-25 08:00:00,Confirmed,Bruck_an_der_Leitha,21
2020-03-25 08:00:00,Confirmed,Bruck-Mürzzuschlag,20
2020-03-25 08:00:00,Confirmed,Deutschlandsberg,11
2020-03-25 08:00:00,Confirmed,Dornbirn,63
2020-03-25 08:00:00,Confirmed,Eferding,12
2020-03-25 08:00:00,Confirmed,Eisenstadt_Stadt,7
2020-03-25 08:00:00,Confirmed,Eisenstadt-Umgebung,8
2020-03-25 08:00:00,Confirmed,Feldkirch,126
2020-03-25 08:00:00,Confirmed,Feldkirchen,5
2020-03-25 08:00:00,Confirmed,Freistadt,47
2020-03-25 08:00:00,Confirmed,Gänserndorf,21
2020-03-25 08:00:00,Confirmed,Gmünd,3
2020-03-25 08:00:00,Confirmed,Gmunden,29
2020-03-25 08:00:00,Confirmed,Graz_Stadt,145
2020-03-25 08:00:00,Confirmed,Graz-Umgebung,64
2020-03-25 08:00:00,Confirmed,Grieskirchen,15
2020-03-25 08:00:00,Confirmed,Gröbming,20
2020-03-25 08:00:00,Confirmed,Hallein,31
2020-03-25 08:00:00,Confirmed,Hartberg-Fürstenfeld,109
2020-03-25 08:00:00,Confirmed,Hermagor,3
2020-03-25 08:00:00,Confirmed,Hollabrunn,2
2020-03-25 08:00:00,Confirmed,Horn,1
2020-03-25 08:00:00,Confirmed,Imst,110
2020-03-25 08:00:00,Confirmed,Innsbruck-Land,166
2020-03-25 08:00:00,Confirmed,Innsbruck-Stadt,254
2020-03-25 08:00:00,Confirmed,Jennersdorf,4
2020-03-25 08:00:00,Confirmed,Kirchdorf_an_der_Krems,21
2020-03-25 08:00:00,Confirmed,Kitzbühel,118
2020-03-25 08:00:00,Confirmed,Klagenfurt_Land,17
2020-03-25 08:00:00,Confirmed,Klagenfurt_Stadt,36
2020-03-25 08:00:00,Confirmed,Korneuburg,74
2020-03-25 08:00:00,Confirmed,Krems_an_der_Donau_Stadt,5
2020-03-25 08:00:00,Confirmed,Krems_Land,35
2020-03-25 08:00:00,Confirmed,Kufstein,125
2020-03-25 08:00:00,Confirmed,Landeck,433
2020-03-25 08:00:00,Confirmed,Leibnitz,81
2020-03-25 08:00:00,Confirmed,Leoben,11
2020-03-25 08:00:00,Confirmed,Lienz,55
2020-03-25 08:00:00,Confirmed,Liezen,19
2020-03-25 08:00:00,Confirmed,Lilienfeld,11
2020-03-25 08:00:00,Confirmed,Linz_Stadt,115
2020-03-25 08:00:00,Confirmed,Linz-Land,86
2020-03-25 08:00:00,Confirmed,Mattersburg,8
2020-03-25 08:00:00,Confirmed,Melk,31
2020-03-25 08:00:00,Confirmed,Mistelbach,43
2020-03-25 08:00:00,Confirmed,Mödling,73
2020-03-25 08:00:00,Confirmed,Murau,1
2020-03-25 08:00:00,Confirmed,Murtal,16
2020-03-25 08:00:00,Confirmed,Neunkirchen,69
2020-03-25 08:00:00,Confirmed,Neusiedl_am_See,27
2020-03-25 08:00:00,Confirmed,Oberpullendorf,7
2020-03-25 08:00:00,Confirmed,Oberwart,28
2020-03-25 08:00:00,Confirmed,Perg,121
2020-03-25 08:00:00,Confirmed,Reutte,24
2020-03-25 08:00:00,Confirmed,Ried_im_Innkreis,20
2020-03-25 08:00:00,Confirmed,Rohrbach,68
2020-03-25 08:00:00,Confirmed,Salzburg_Stadt,75
2020-03-25 08:00:00,Confirmed,Salzburg-Umgebung,74
2020-03-25 08:00:00,Confirmed,Sankt_Johann_im_Pongau,176
2020-03-25 08:00:00,Confirmed,Sankt_Pölten_Land,64
2020-03-25 08:00:00,Confirmed,Sankt_Pölten_Stadt,19
2020-03-25 08:00:00,Confirmed,Sankt_Veit_an_der_Glan,11
2020-03-25 08:00:00,Confirmed,Schärding,23
2020-03-25 08:00:00,Confirmed,Scheibbs,14
2020-03-25 08:00:00,Confirmed,Schwaz,91
2020-03-25 08:00:00,Confirmed,Spittal_an_der_Drau,12
2020-03-25 08:00:00,Confirmed,Steyr_Stadt,12
2020-03-25 08:00:00,Confirmed,Steyr-Land,48
2020-03-25 08:00:00,Confirmed,Südoststeiermark,26
2020-03-25 08:00:00,Confirmed,Tamsweg,10
2020-03-25 08:00:00,Confirmed,Tulln,62
2020-03-25 08:00:00,Confirmed,Urfahr-Umgebung,117
2020-03-25 08:00:00,Confirmed,Villach_Land,18
2020-03-25 08:00:00,Confirmed,Villach_Stadt,11
2020-03-25 08:00:00,Confirmed,Vöcklabruck,48
2020-03-25 08:00:00,Confirmed,Voitsberg,36
2020-03-25 08:00:00,Confirmed,Völkermarkt,29
2020-03-25 08:00:00,Confirmed,Waidhofen_an_der_Thaya,4
2020-03-25 08:00:00,Confirmed,Waidhofen_an_der_Ybbs_Stadt,4
2020-03-25 08:00:00,Confirmed,Weiz,57
2020-03-25 08:00:00,Confirmed,Wels_Stadt,33
2020-03-25 08:00:00,Confirmed,Wels-Land,44
2020-03-25 08:00:00,Confirmed,Wien__1_Innere_Stadt,15
2020-03-25 08:00:00,Confirmed,Wien__2_Leopoldstadt,46
2020-03-25 08:00:00,Confirmed,Wien__3_Landstraße,96
2020-03-25 08:00:00,Confirmed,Wien__4_Wieden,23
2020-03-25 08:00:00,Confirmed,Wien__5_Margareten,14
2020-03-25 08:00:00,Confirmed,Wien__6_Mariahilf,18
2020-03-25 08:00:00,Confirmed,Wien__7_Neubau,13
2020-03-25 08:00:00,Confirmed,Wien__8_Josefstadt,14
2020-03-25 08:00:00,Confirmed,Wien__9_Alsergrund,16
2020-03-25 08:00:00,Confirmed,Wien_10_Favoriten,39
2020-03-25 08:00:00,Confirmed,Wien_11_Simmering,30
2020-03-25 08:00:00,Confirmed,Wien_12_Meidling,28
2020-03-25 08:00:00,Confirmed,Wien_13_Hietzing,25
2020-03-25 08:00:00,Confirmed,Wien_14_Penzing,35
2020-03-25 08:00:00,Confirmed,Wien_15_Rudolfsheim-Fünfhaus,23
2020-03-25 08:00:00,Confirmed,Wien_16_Ottakring,26
2020-03-25 08:00:00,Confirmed,Wien_17_Hernals,21
2020-03-25 08:00:00,Confirmed,Wien_18_Währing,21
2020-03-25 08:00:00,Confirmed,Wien_19_Döbling,41
2020-03-25 08:00:00,Confirmed,Wien_20_Brigittenau,17
2020-03-25 08:00:00,Confirmed,Wien_21_Floridsdorf,49
2020-03-25 08:00:00,Confirmed,Wien_22_Donaustadt,54
2020-03-25 08:00:00,Confirmed,Wien_23_Liesing,27
2020-03-25 08:00:00,Confirmed,Wiener_Neustadt_Land,9
2020-03-25 08:00:00,Confirmed,Wiener_Neustadt_Stadt,13
2020-03-25 08:00:00,Confirmed,Wolfsberg,14
2020-03-25 08:00:00,Confirmed,Zell_am_See,127
2020-03-25 08:00:00,Confirmed,Zwettl,5
2020-03-24 15:00:00,Confirmed,Amstetten,93
2020-03-24 15:00:00,Confirmed,Baden,35
2020-03-24 15:00:00,Confirmed,Bludenz,106
2020-03-24 15:00:00,Confirmed,Braunau_am_Inn,13
2020-03-24 15:00:00,Confirmed,Bregenz,91
2020-03-24 15:00:00,Confirmed,Bruck_an_der_Leitha,18
2020-03-24 15:00:00,Confirmed,Bruck-Mürzzuschlag,17
2020-03-24 15:00:00,Confirmed,Deutschlandsberg,9
2020-03-24 15:00:00,Confirmed,Dornbirn,54
2020-03-24 15:00:00,Confirmed,Eferding,10
2020-03-24 15:00:00,Confirmed,Eisenstadt_Stadt,6
2020-03-24 15:00:00,Confirmed,Eisenstadt-Umgebung,7
2020-03-24 15:00:00,Confirmed,Feldkirch,118
2020-03-24 15:00:00,Confirmed,Feldkirchen,4
2020-03-24 15:00:00,Confirmed,Freistadt,46
2020-03-24 15:00:00,Confirmed,Gänserndorf,19
2020-03-24 15:00:00,Confirmed,Gmünd,2
2020-03-24 15:00:00,Confirmed,Gmunden,25
2020-03-24 15:00:00,Confirmed,Graz_Stadt,136
2020-03-24 15:00:00,Confirmed,Graz-Umgebung,56
2020-03-24 15:00:00,Confirmed,Grieskirchen,14
2020-03-24 15:00:00,Confirmed,Gröbming,19
2020-03-24 15:00:00,Confirmed,Hallein,25
2020-03-24 15:00:00,Confirmed,Hartberg-Fürstenfeld,90
2020-03-24 15:00:00,Confirmed,Hermagor,3
2020-03-24 15:00:00,Confirmed,Hollabrunn,2
2020-03-24 15:00:00,Confirmed,Imst,93
2020-03-24 15:00:00,Confirmed,Innsbruck-Land,158
2020-03-24 15:00:00,Confirmed,Innsbruck-Stadt,241
2020-03-24 15:00:00,Confirmed,Jennersdorf,4
2020-03-24 15:00:00,Confirmed,Kirchdorf_an_der_Krems,17
2020-03-24 15:00:00,Confirmed,Kitzbühel,104
2020-03-24 15:00:00,Confirmed,Klagenfurt_Land,15
2020-03-24 15:00:00,Confirmed,Klagenfurt_Stadt,29
2020-03-24 15:00:00,Confirmed,Korneuburg,67
2020-03-24 15:00:00,Confirmed,Krems_an_der_Donau_Stadt,4
2020-03-24 15:00:00,Confirmed,Krems_Land,30
2020-03-24 15:00:00,Confirmed,Kufstein,116
2020-03-24 15:00:00,Confirmed,Landeck,390
2020-03-24 15:00:00,Confirmed,Leibnitz,68
2020-03-24 15:00:00,Confirmed,Leoben,10
2020-03-24 15:00:00,Confirmed,Lienz,48
2020-03-24 15:00:00,Confirmed,Liezen,19
2020-03-24 15:00:00,Confirmed,Lilienfeld,10
2020-03-24 15:00:00,Confirmed,Linz_Stadt,106
2020-03-24 15:00:00,Confirmed,Linz-Land,70
2020-03-24 15:00:00,Confirmed,Mattersburg,8
2020-03-24 15:00:00,Confirmed,Melk,26
2020-03-24 15:00:00,Confirmed,Mistelbach,37
2020-03-24 15:00:00,Confirmed,Mödling,59
2020-03-24 15:00:00,Confirmed,Murau,1
2020-03-24 15:00:00,Confirmed,Murtal,15
2020-03-24 15:00:00,Confirmed,Neunkirchen,58
2020-03-24 15:00:00,Confirmed,Neusiedl_am_See,25
2020-03-24 15:00:00,Confirmed,Oberpullendorf,7
2020-03-24 15:00:00,Confirmed,Oberwart,27
2020-03-24 15:00:00,Confirmed,Perg,104
2020-03-24 15:00:00,Confirmed,Reutte,24
2020-03-24 15:00:00,Confirmed,Ried_im_Innkreis,17
2020-03-24 15:00:00,Confirmed,Rohrbach,66
2020-03-24 15:00:00,Confirmed,Salzburg_Stadt,66
2020-03-24 15:00:00,Confirmed,Salzburg-Umgebung,64
2020-03-24 15:00:00,Confirmed,Sankt_Johann_im_Pongau,159
2020-03-24 15:00:00,Confirmed,Sankt_Pölten_Land,49
2020-03-24 15:00:00,Confirmed,Sankt_Pölten_Stadt,18
2020-03-24 15:00:00,Confirmed,Sankt_Veit_an_der_Glan,10
2020-03-24 15:00:00,Confirmed,Schärding,23
2020-03-24 15:00:00,Confirmed,Scheibbs,12
2020-03-24 15:00:00,Confirmed,Schwaz,76
2020-03-24 15:00:00,Confirmed,Spittal_an_der_Drau,11
2020-03-24 15:00:00,Confirmed,Steyr_Stadt,12
2020-03-24 15:00:00,Confirmed,Steyr-Land,39
2020-03-24 15:00:00,Confirmed,Südoststeiermark,25
2020-03-24 15:00:00,Confirmed,Tamsweg,5
2020-03-24 15:00:00,Confirmed,Tulln,58
2020-03-24 15:00:00,Confirmed,Urfahr-Umgebung,111
2020-03-24 15:00:00,Confirmed,Villach_Land,14
2020-03-24 15:00:00,Confirmed,Villach_Stadt,12
2020-03-24 15:00:00,Confirmed,Vöcklabruck,44
2020-03-24 15:00:00,Confirmed,Voitsberg,27
2020-03-24 15:00:00,Confirmed,Völkermarkt,28
2020-03-24 15:00:00,Confirmed,Waidhofen_an_der_Thaya,3
2020-03-24 15:00:00,Confirmed,Waidhofen_an_der_Ybbs_Stadt,3
2020-03-24 15:00:00,Confirmed,Weiz,53
2020-03-24 15:00:00,Confirmed,Wels_Stadt,30
2020-03-24 15:00:00,Confirmed,Wels-Land,42
2020-03-24 15:00:00,Confirmed,Wien__1_Innere_Stadt,15
2020-03-24 15:00:00,Confirmed,Wien__2_Leopoldstadt,44
2020-03-24 15:00:00,Confirmed,Wien__3_Landstraße,80
2020-03-24 15:00:00,Confirmed,Wien__4_Wieden,22
2020-03-24 15:00:00,Confirmed,Wien__5_Margareten,9
2020-03-24 15:00:00,Confirmed,Wien__6_Mariahilf,16
2020-03-24 15:00:00,Confirmed,Wien__7_Neubau,13
2020-03-24 15:00:00,Confirmed,Wien__8_Josefstadt,12
2020-03-24 15:00:00,Confirmed,Wien__9_Alsergrund,11
2020-03-24 15:00:00,Confirmed,Wien_10_Favoriten,33
2020-03-24 15:00:00,Confirmed,Wien_11_Simmering,28
2020-03-24 15:00:00,Confirmed,Wien_12_Meidling,21
2020-03-24 15:00:00,Confirmed,Wien_13_Hietzing,21
2020-03-24 15:00:00,Confirmed,Wien_14_Penzing,33
2020-03-24 15:00:00,Confirmed,Wien_15_Rudolfsheim-Fünfhaus,21
2020-03-24 15:00:00,Confirmed,Wien_16_Ottakring,24
2020-03-24 15:00:00,Confirmed,Wien_17_Hernals,20
2020-03-24 15:00:00,Confirmed,Wien_18_Währing,20
2020-03-24 15:00:00,Confirmed,Wien_19_Döbling,40
2020-03-24 15:00:00,Confirmed,Wien_20_Brigittenau,15
2020-03-24 15:00:00,Confirmed,Wien_21_Floridsdorf,46
2020-03-24 15:00:00,Confirmed,Wien_22_Donaustadt,50
2020-03-24 15:00:00,Confirmed,Wien_23_Liesing,22
2020-03-24 15:00:00,Confirmed,Wiener_Neustadt_Land,5
2020-03-24 15:00:00,Confirmed,Wiener_Neustadt_Stadt,13
2020-03-24 15:00:00,Confirmed,Wolfsberg,14
2020-03-24 15:00:00,Confirmed,Zell_am_See,110
2020-03-24 15:00:00,Confirmed,Zwettl,3
2020-03-25 15:00:00,Confirmed,Amstetten,97
2020-03-25 15:00:00,Confirmed,Baden,45
2020-03-25 15:00:00,Confirmed,Bludenz,118
2020-03-25 15:00:00,Confirmed,Braunau_am_Inn,18
2020-03-25 15:00:00,Confirmed,Bregenz,97
2020-03-25 15:00:00,Confirmed,Bruck_an_der_Leitha,21
2020-03-25 15:00:00,Confirmed,Bruck-Mürzzuschlag,20
2020-03-25 15:00:00,Confirmed,Deutschlandsberg,11
2020-03-25 15:00:00,Confirmed,Dornbirn,63
2020-03-25 15:00:00,Confirmed,Eferding,12
2020-03-25 15:00:00,Confirmed,Eisenstadt_Stadt,7
2020-03-25 15:00:00,Confirmed,Eisenstadt-Umgebung,8
2020-03-25 15:00:00,Confirmed,Feldkirch,126
2020-03-25 15:00:00,Confirmed,Feldkirchen,5
2020-03-25 15:00:00,Confirmed,Freistadt,47
2020-03-25 15:00:00,Confirmed,Gänserndorf,21
2020-03-25 15:00:00,Confirmed,Gmünd,3
2020-03-25 15:00:00,Confirmed,Gmunden,29
2020-03-25 15:00:00,Confirmed,Graz_Stadt,145
2020-03-25 15:00:00,Confirmed,Graz-Umgebung,64
2020-03-25 15:00:00,Confirmed,Grieskirchen,15
2020-03-25 15:00:00,Confirmed,Gröbming,20
2020-03-25 15:00:00,Confirmed,Hallein,31
2020-03-25 15:00:00,Confirmed,Hartberg-Fürstenfeld,109
2020-03-25 15:00:00,Confirmed,Hermagor,3
2020-03-25 15:00:00,Confirmed,Hollabrunn,2
2020-03-25 15:00:00,Confirmed,Horn,1
2020-03-25 15:00:00,Confirmed,Imst,110
2020-03-25 15:00:00,Confirmed,Innsbruck-Land,166
2020-03-25 15:00:00,Confirmed,Innsbruck-Stadt,254
2020-03-25 15:00:00,Confirmed,Jennersdorf,4
2020-03-25 15:00:00,Confirmed,Kirchdorf_an_der_Krems,21
2020-03-25 15:00:00,Confirmed,Kitzbühel,118
2020-03-25 15:00:00,Confirmed,Klagenfurt_Land,17
2020-03-25 15:00:00,Confirmed,Klagenfurt_Stadt,36
2020-03-25 15:00:00,Confirmed,Korneuburg,74
2020-03-25 15:00:00,Confirmed,Krems_an_der_Donau_Stadt,5
2020-03-25 15:00:00,Confirmed,Krems_Land,35
2020-03-25 15:00:00,Confirmed,Kufstein,125
2020-03-25 15:00:00,Confirmed,Landeck,433
2020-03-25 15:00:00,Confirmed,Leibnitz,81
2020-03-25 15:00:00,Confirmed,Leoben,11
2020-03-25 15:00:00,Confirmed,Lienz,55
2020-03-25 15:00:00,Confirmed,Liezen,19
2020-03-25 15:00:00,Confirmed,Lilienfeld,11
2020-03-25 15:00:00,Confirmed,Linz_Stadt,115
2020-03-25 15:00:00,Confirmed,Linz-Land,86
2020-03-25 15:00:00,Confirmed,Mattersburg,8
2020-03-25 15:00:00,Confirmed,Melk,31
2020-03-25 15:00:00,Confirmed,Mistelbach,43
2020-03-25 15:00:00,Confirmed,Mödling,73
2020-03-25 15:00:00,Confirmed,Murau,1
2020-03-25 15:00:00,Confirmed,Murtal,16
2020-03-25 15:00:00,Confirmed,Neunkirchen,69
2020-03-25 15:00:00,Confirmed,Neusiedl_am_See,27
2020-03-25 15:00:00,Confirmed,Oberpullendorf,7
2020-03-25 15:00:00,Confirmed,Oberwart,28
2020-03-25 15:00:00,Confirmed,Perg,121
2020-03-25 15:00:00,Confirmed,Reutte,24
2020-03-25 15:00:00,Confirmed,Ried_im_Innkreis,20
2020-03-25 15:00:00,Confirmed,Rohrbach,68
2020-03-25 15:00:00,Confirmed,Salzburg_Stadt,75
2020-03-25 15:00:00,Confirmed,Salzburg-Umgebung,74
2020-03-25 15:00:00,Confirmed,Sankt_Johann_im_Pongau,176
2020-03-25 15:00:00,Confirmed,Sankt_Pölten_Land,64
2020-03-25 15:00:00,Confirmed,Sankt_Pölten_Stadt,19
2020-03-25 15:00:00,Confirmed,Sankt_Veit_an_der_Glan,11
2020-03-25 15:00:00,Confirmed,Schärding,23
2020-03-25 15:00:00,Confirmed,Scheibbs,14
2020-03-25 15:00:00,Confirmed,Schwaz,91
2020-03-25 15:00:00,Confirmed,Spittal_an_der_Drau,12
2020-03-25 15:00:00,Confirmed,Steyr_Stadt,12
2020-03-25 15:00:00,Confirmed,Steyr-Land,48
2020-03-25 15:00:00,Confirmed,Südoststeiermark,26
2020-03-25 15:00:00,Confirmed,Tamsweg,10
2020-03-25 15:00:00,Confirmed,Tulln,62
2020-03-25 15:00:00,Confirmed,Urfahr-Umgebung,117
2020-03-25 15:00:00,Confirmed,Villach_Land,18
2020-03-25 15:00:00,Confirmed,Villach_Stadt,11
2020-03-25 15:00:00,Confirmed,Vöcklabruck,48
2020-03-25 15:00:00,Confirmed,Voitsberg,36
2020-03-25 15:00:00,Confirmed,Völkermarkt,29
2020-03-25 15:00:00,Confirmed,Waidhofen_an_der_Thaya,4
2020-03-25 15:00:00,Confirmed,Waidhofen_an_der_Ybbs_Stadt,4
2020-03-25 15:00:00,Confirmed,Weiz,57
2020-03-25 15:00:00,Confirmed,Wels_Stadt,33
2020-03-25 15:00:00,Confirmed,Wels-Land,44
2020-03-25 15:00:00,Confirmed,Wien__1_Innere_Stadt,15
2020-03-25 15:00:00,Confirmed,Wien__2_Leopoldstadt,46
2020-03-25 15:00:00,Confirmed,Wien__3_Landstraße,96
2020-03-25 15:00:00,Confirmed,Wien__4_Wieden,23
2020-03-25 15:00:00,Confirmed,Wien__5_Margareten,14
2020-03-25 15:00:00,Confirmed,Wien__6_Mariahilf,18
2020-03-25 15:00:00,Confirmed,Wien__7_Neubau,13
2020-03-25 15:00:00,Confirmed,Wien__8_Josefstadt,14
2020-03-25 15:00:00,Confirmed,Wien__9_Alsergrund,16
2020-03-25 15:00:00,Confirmed,Wien_10_Favoriten,39
2020-03-25 15:00:00,Confirmed,Wien_11_Simmering,30
2020-03-25 15:00:00,Confirmed,Wien_12_Meidling,28
2020-03-25 15:00:00,Confirmed,Wien_13_Hietzing,25
2020-03-25 15:00:00,Confirmed,Wien_14_Penzing,35
2020-03-25 15:00:00,Confirmed,Wien_15_Rudolfsheim-Fünfhaus,23
2020-03-25 15:00:00,Confirmed,Wien_16_Ottakring,26
2020-03-25 15:00:00,Confirmed,Wien_17_Hernals,21
2020-03-25 15:00:00,Confirmed,Wien_18_Währing,21
2020-03-25 15:00:00,Confirmed,Wien_19_Döbling,41
2020-03-25 15:00:00,Confirmed,Wien_20_Brigittenau,17
2020-03-25 15:00:00,Confirmed,Wien_21_Floridsdorf,49
2020-03-25 15:00:00,Confirmed,Wien_22_Donaustadt,54
2020-03-25 15:00:00,Confirmed,Wien_23_Liesing,27
2020-03-25 15:00:00,Confirmed,Wiener_Neustadt_Land,9
2020-03-25 15:00:00,Confirmed,Wiener_Neustadt_Stadt,13
2020-03-25 15:00:00,Confirmed,Wolfsberg,14
2020-03-25 15:00:00,Confirmed,Zell_am_See,127
2020-03-25 15:00:00,Confirmed,Zwettl,5
2020-03-26 15:00:00,Confirmed,Amstetten,122
2020-03-26 15:00:00,Confirmed,Baden,55
2020-03-26 15:00:00,Confirmed,Bludenz,138
2020-03-26 15:00:00,Confirmed,Braunau_am_Inn,31
2020-03-26 15:00:00,Confirmed,Bregenz,111
2020-03-26 15:00:00,Confirmed,Bruck_an_der_Leitha,28
2020-03-26 15:00:00,Confirmed,Bruck-Mürzzuschlag,25
2020-03-26 15:00:00,Confirmed,Deutschlandsberg,13
2020-03-26 15:00:00,Confirmed,Dornbirn,74
2020-03-26 15:00:00,Confirmed,Eferding,22
2020-03-26 15:00:00,Confirmed,Eisenstadt_Stadt,8
2020-03-26 15:00:00,Confirmed,Eisenstadt-Umgebung,11
2020-03-26 15:00:00,Confirmed,Feldkirch,133
2020-03-26 15:00:00,Confirmed,Feldkirchen,6
2020-03-26 15:00:00,Confirmed,Freistadt,60
2020-03-26 15:00:00,Confirmed,Gänserndorf,35
2020-03-26 15:00:00,Confirmed,Gmünd,4
2020-03-26 15:00:00,Confirmed,Gmunden,33
2020-03-26 15:00:00,Confirmed,Graz_Stadt,174
2020-03-26 15:00:00,Confirmed,Graz-Umgebung,72
2020-03-26 15:00:00,Confirmed,Grieskirchen,22
2020-03-26 15:00:00,Confirmed,Gröbming,22
2020-03-26 15:00:00,Confirmed,Güssing,3
2020-03-26 15:00:00,Confirmed,Hallein,38
2020-03-26 15:00:00,Confirmed,Hartberg-Fürstenfeld,145
2020-03-26 15:00:00,Confirmed,Hermagor,3
2020-03-26 15:00:00,Confirmed,Hollabrunn,6
2020-03-26 15:00:00,Confirmed,Horn,5
2020-03-26 15:00:00,Confirmed,Imst,128
2020-03-26 15:00:00,Confirmed,Innsbruck-Land,202
2020-03-26 15:00:00,Confirmed,Innsbruck-Stadt,278
2020-03-26 15:00:00,Confirmed,Jennersdorf,5
2020-03-26 15:00:00,Confirmed,Kirchdorf_an_der_Krems,27
2020-03-26 15:00:00,Confirmed,Kitzbühel,150
2020-03-26 15:00:00,Confirmed,Klagenfurt_Land,23
2020-03-26 15:00:00,Confirmed,Klagenfurt_Stadt,39
2020-03-26 15:00:00,Confirmed,Korneuburg,87
2020-03-26 15:00:00,Confirmed,Krems_an_der_Donau_Stadt,10
2020-03-26 15:00:00,Confirmed,Krems_Land,67
2020-03-26 15:00:00,Confirmed,Kufstein,182
2020-03-26 15:00:00,Confirmed,Landeck,503
2020-03-26 15:00:00,Confirmed,Leibnitz,87
2020-03-26 15:00:00,Confirmed,Leoben,16
2020-03-26 15:00:00,Confirmed,Lienz,62
2020-03-26 15:00:00,Confirmed,Liezen,25
2020-03-26 15:00:00,Confirmed,Lilienfeld,15
2020-03-26 15:00:00,Confirmed,Linz_Stadt,151
2020-03-26 15:00:00,Confirmed,Linz-Land,106
2020-03-26 15:00:00,Confirmed,Mattersburg,14
2020-03-26 15:00:00,Confirmed,Melk,51
2020-03-26 15:00:00,Confirmed,Mistelbach,55
2020-03-26 15:00:00,Confirmed,Mödling,83
2020-03-26 15:00:00,Confirmed,Murau,1
2020-03-26 15:00:00,Confirmed,Murtal,19
2020-03-26 15:00:00,Confirmed,Neunkirchen,90
2020-03-26 15:00:00,Confirmed,Neusiedl_am_See,27
2020-03-26 15:00:00,Confirmed,Oberpullendorf,9
2020-03-26 15:00:00,Confirmed,Oberwart,40
2020-03-26 15:00:00,Confirmed,Perg,161
2020-03-26 15:00:00,Confirmed,Reutte,26
2020-03-26 15:00:00,Confirmed,Ried_im_Innkreis,21
2020-03-26 15:00:00,Confirmed,Rohrbach,81
2020-03-26 15:00:00,Confirmed,Salzburg_Stadt,88
2020-03-26 15:00:00,Confirmed,Salzburg-Umgebung,98
2020-03-26 15:00:00,Confirmed,Sankt_Johann_im_Pongau,262
2020-03-26 15:00:00,Confirmed,Sankt_Pölten_Land,84
2020-03-26 15:00:00,Confirmed,Sankt_Pölten_Stadt,29
2020-03-26 15:00:00,Confirmed,Sankt_Veit_an_der_Glan,17
2020-03-26 15:00:00,Confirmed,Schärding,32
2020-03-26 15:00:00,Confirmed,Scheibbs,18
2020-03-26 15:00:00,Confirmed,Schwaz,134
2020-03-26 15:00:00,Confirmed,Spittal_an_der_Drau,16
2020-03-26 15:00:00,Confirmed,Steyr_Stadt,12
2020-03-26 15:00:00,Confirmed,Steyr-Land,67
2020-03-26 15:00:00,Confirmed,Südoststeiermark,31
2020-03-26 15:00:00,Confirmed,Tamsweg,12
2020-03-26 15:00:00,Confirmed,Tulln,82
2020-03-26 15:00:00,Confirmed,Urfahr-Umgebung,152
2020-03-26 15:00:00,Confirmed,Villach_Land,22
2020-03-26 15:00:00,Confirmed,Villach_Stadt,13
2020-03-26 15:00:00,Confirmed,Vöcklabruck,76
2020-03-26 15:00:00,Confirmed,Voitsberg,44
2020-03-26 15:00:00,Confirmed,Völkermarkt,34
2020-03-26 15:00:00,Confirmed,Waidhofen_an_der_Thaya,5
2020-03-26 15:00:00,Confirmed,Waidhofen_an_der_Ybbs_Stadt,11
2020-03-26 15:00:00,Confirmed,Weiz,69
2020-03-26 15:00:00,Confirmed,Wels_Stadt,42
2020-03-26 15:00:00,Confirmed,Wels-Land,53
2020-03-26 15:00:00,Confirmed,Wien_Stadt,914
2020-03-26 15:00:00,Confirmed,Wiener_Neustadt_Land,13
2020-03-26 15:00:00,Confirmed,Wiener_Neustadt_Stadt,17
2020-03-26 15:00:00,Confirmed,Wolfsberg,15
2020-03-26 15:00:00,Confirmed,Zell_am_See,182
2020-03-26 15:00:00,Confirmed,Zwettl,14
2020-03-27 11:00:00,Confirmed,Amstetten,131
2020-03-27 11:00:00,Confirmed,Baden,60
2020-03-27 11:00:00,Confirmed,Bludenz,140
2020-03-27 11:00:00,Confirmed,Braunau_am_Inn,31
2020-03-27 11:00:00,Confirmed,Bregenz,120
2020-03-27 11:00:00,Confirmed,Bruck_an_der_Leitha,32
2020-03-27 11:00:00,Confirmed,Bruck-Mürzzuschlag,26
2020-03-27 11:00:00,Confirmed,Deutschlandsberg,15
2020-03-27 11:00:00,Confirmed,Dornbirn,76
2020-03-27 11:00:00,Confirmed,Eferding,22
2020-03-27 11:00:00,Confirmed,Eisenstadt_Stadt,8
2020-03-27 11:00:00,Confirmed,Eisenstadt-Umgebung,11
2020-03-27 11:00:00,Confirmed,Feldkirch,137
2020-03-27 11:00:00,Confirmed,Feldkirchen,7
2020-03-27 11:00:00,Confirmed,Freistadt,60
2020-03-27 11:00:00,Confirmed,Gänserndorf,37
2020-03-27 11:00:00,Confirmed,Gmünd,4
2020-03-27 11:00:00,Confirmed,Gmunden,35
2020-03-27 11:00:00,Confirmed,Graz_Stadt,177
2020-03-27 11:00:00,Confirmed,Graz-Umgebung,73
2020-03-27 11:00:00,Confirmed,Grieskirchen,23
2020-03-27 11:00:00,Confirmed,Gröbming,22
2020-03-27 11:00:00,Confirmed,Güssing,3
2020-03-27 11:00:00,Confirmed,Hallein,38
2020-03-27 11:00:00,Confirmed,Hartberg-Fürstenfeld,146
2020-03-27 11:00:00,Confirmed,Hermagor,3
2020-03-27 11:00:00,Confirmed,Hollabrunn,8
2020-03-27 11:00:00,Confirmed,Horn,6
2020-03-27 11:00:00,Confirmed,Imst,133
2020-03-27 11:00:00,Confirmed,Innsbruck-Land,225
2020-03-27 11:00:00,Confirmed,Innsbruck-Stadt,278
2020-03-27 11:00:00,Confirmed,Jennersdorf,5
2020-03-27 11:00:00,Confirmed,Kirchdorf_an_der_Krems,27
2020-03-27 11:00:00,Confirmed,Kitzbühel,160
2020-03-27 11:00:00,Confirmed,Klagenfurt_Land,23
2020-03-27 11:00:00,Confirmed,Klagenfurt_Stadt,39
2020-03-27 11:00:00,Confirmed,Korneuburg,90
2020-03-27 11:00:00,Confirmed,Krems_an_der_Donau_Stadt,14
2020-03-27 11:00:00,Confirmed,Krems_Land,72
2020-03-27 11:00:00,Confirmed,Kufstein,195
2020-03-27 11:00:00,Confirmed,Landeck,525
2020-03-27 11:00:00,Confirmed,Leibnitz,89
2020-03-27 11:00:00,Confirmed,Leoben,16
2020-03-27 11:00:00,Confirmed,Lienz,62
2020-03-27 11:00:00,Confirmed,Liezen,27
2020-03-27 11:00:00,Confirmed,Lilienfeld,18
2020-03-27 11:00:00,Confirmed,Linz_Stadt,153
2020-03-27 11:00:00,Confirmed,Linz-Land,107
2020-03-27 11:00:00,Confirmed,Mattersburg,14
2020-03-27 11:00:00,Confirmed,Melk,60
2020-03-27 11:00:00,Confirmed,Mistelbach,55
2020-03-27 11:00:00,Confirmed,Mödling,94
2020-03-27 11:00:00,Confirmed,Murau,1
2020-03-27 11:00:00,Confirmed,Murtal,19
2020-03-27 11:00:00,Confirmed,Neunkirchen,98
2020-03-27 11:00:00,Confirmed,Neusiedl_am_See,27
2020-03-27 11:00:00,Confirmed,Oberpullendorf,9
2020-03-27 11:00:00,Confirmed,Oberwart,41
2020-03-27 11:00:00,Confirmed,Perg,170
2020-03-27 11:00:00,Confirmed,Reutte,28
2020-03-27 11:00:00,Confirmed,Ried_im_Innkreis,23
2020-03-27 11:00:00,Confirmed,Rohrbach,84
2020-03-27 11:00:00,Confirmed,Salzburg_Stadt,87
2020-03-27 11:00:00,Confirmed,Salzburg-Umgebung,98
2020-03-27 11:00:00,Confirmed,Sankt_Johann_im_Pongau,262
2020-03-27 11:00:00,Confirmed,Sankt_Pölten_Land,99
2020-03-27 11:00:00,Confirmed,Sankt_Pölten_Stadt,38
2020-03-27 11:00:00,Confirmed,Sankt_Veit_an_der_Glan,19
2020-03-27 11:00:00,Confirmed,Schärding,33
2020-03-27 11:00:00,Confirmed,Scheibbs,36
2020-03-27 11:00:00,Confirmed,Schwaz,142
2020-03-27 11:00:00,Confirmed,Spittal_an_der_Drau,16
2020-03-27 11:00:00,Confirmed,Steyr_Stadt,14
2020-03-27 11:00:00,Confirmed,Steyr-Land,76
2020-03-27 11:00:00,Confirmed,Südoststeiermark,31
2020-03-27 11:00:00,Confirmed,Tamsweg,12
2020-03-27 11:00:00,Confirmed,Tulln,88
2020-03-27 11:00:00,Confirmed,Urfahr-Umgebung,152
2020-03-27 11:00:00,Confirmed,Villach_Land,22
2020-03-27 11:00:00,Confirmed,Villach_Stadt,13
2020-03-27 11:00:00,Confirmed,Vöcklabruck,78
2020-03-27 11:00:00,Confirmed,Voitsberg,42
2020-03-27 11:00:00,Confirmed,Völkermarkt,34
2020-03-27 11:00:00,Confirmed,Waidhofen_an_der_Thaya,8
2020-03-27 11:00:00,Confirmed,Waidhofen_an_der_Ybbs_Stadt,11
2020-03-27 11:00:00,Confirmed,Weiz,70
2020-03-27 11:00:00,Confirmed,Wels_Stadt,42
2020-03-27 11:00:00,Confirmed,Wels-Land,53
2020-03-27 11:00:00,Confirmed,Wien_Stadt,944
2020-03-27 11:00:00,Confirmed,Wiener_Neustadt_Land,14
2020-03-27 11:00:00,Confirmed,Wiener_Neustadt_Stadt,17
2020-03-27 11:00:00,Confirmed,Wolfsberg,15
2020-03-27 11:00:00,Confirmed,Zell_am_See,182
2020-03-27 11:00:00,Confirmed,Zwettl,16
2020-03-27 17:00:00,Confirmed,Amstetten,132
2020-03-27 17:00:00,Confirmed,Baden,67
2020-03-27 17:00:00,Confirmed,Bludenz,157
2020-03-27 17:00:00,Confirmed,Braunau_am_Inn,33
2020-03-27 17:00:00,Confirmed,Bregenz,128
2020-03-27 17:00:00,Confirmed,Bruck_an_der_Leitha,34
2020-03-27 17:00:00,Confirmed,Bruck-Mürzzuschlag,27
2020-03-27 17:00:00,Confirmed,Deutschlandsberg,13
2020-03-27 17:00:00,Confirmed,Dornbirn,82
2020-03-27 17:00:00,Confirmed,Eferding,22
2020-03-27 17:00:00,Confirmed,Eisenstadt_Stadt,8
2020-03-27 17:00:00,Confirmed,Eisenstadt-Umgebung,12
2020-03-27 17:00:00,Confirmed,Feldkirch,144
2020-03-27 17:00:00,Confirmed,Feldkirchen,7
2020-03-27 17:00:00,Confirmed,Freistadt,62
2020-03-27 17:00:00,Confirmed,Gänserndorf,39
2020-03-27 17:00:00,Confirmed,Gmünd,4
2020-03-27 17:00:00,Confirmed,Gmunden,43
2020-03-27 17:00:00,Confirmed,Graz_Stadt,186
2020-03-27 17:00:00,Confirmed,Graz-Umgebung,77
2020-03-27 17:00:00,Confirmed,Grieskirchen,28
2020-03-27 17:00:00,Confirmed,Gröbming,22
2020-03-27 17:00:00,Confirmed,Güssing,5
2020-03-27 17:00:00,Confirmed,Hallein,40
2020-03-27 17:00:00,Confirmed,Hartberg-Fürstenfeld,156
2020-03-27 17:00:00,Confirmed,Hermagor,3
2020-03-27 17:00:00,Confirmed,Hollabrunn,10
2020-03-27 17:00:00,Confirmed,Horn,7
2020-03-27 17:00:00,Confirmed,Imst,134
2020-03-27 17:00:00,Confirmed,Innsbruck-Land,226
2020-03-27 17:00:00,Confirmed,Innsbruck-Stadt,280
2020-03-27 17:00:00,Confirmed,Jennersdorf,7
2020-03-27 17:00:00,Confirmed,Kirchdorf_an_der_Krems,27
2020-03-27 17:00:00,Confirmed,Kitzbühel,163
2020-03-27 17:00:00,Confirmed,Klagenfurt_Land,24
2020-03-27 17:00:00,Confirmed,Klagenfurt_Stadt,42
2020-03-27 17:00:00,Confirmed,Korneuburg,95
2020-03-27 17:00:00,Confirmed,Krems_an_der_Donau_Stadt,18
2020-03-27 17:00:00,Confirmed,Krems_Land,76
2020-03-27 17:00:00,Confirmed,Kufstein,202
2020-03-27 17:00:00,Confirmed,Landeck,528
2020-03-27 17:00:00,Confirmed,Leibnitz,100
2020-03-27 17:00:00,Confirmed,Leoben,16
2020-03-27 17:00:00,Confirmed,Lienz,62
2020-03-27 17:00:00,Confirmed,Liezen,28
2020-03-27 17:00:00,Confirmed,Lilienfeld,18
2020-03-27 17:00:00,Confirmed,Linz_Stadt,162
2020-03-27 17:00:00,Confirmed,Linz-Land,109
2020-03-27 17:00:00,Confirmed,Mattersburg,16
2020-03-27 17:00:00,Confirmed,Melk,62
2020-03-27 17:00:00,Confirmed,Mistelbach,57
2020-03-27 17:00:00,Confirmed,Mödling,97
2020-03-27 17:00:00,Confirmed,Murau,2
2020-03-27 17:00:00,Confirmed,Murtal,20
2020-03-27 17:00:00,Confirmed,Neunkirchen,101
2020-03-27 17:00:00,Confirmed,Neusiedl_am_See,31
2020-03-27 17:00:00,Confirmed,Oberpullendorf,12
2020-03-27 17:00:00,Confirmed,Oberwart,48
2020-03-27 17:00:00,Confirmed,Perg,175
2020-03-27 17:00:00,Confirmed,Reutte,28
2020-03-27 17:00:00,Confirmed,Ried_im_Innkreis,23
2020-03-27 17:00:00,Confirmed,Rohrbach,90
2020-03-27 17:00:00,Confirmed,Salzburg_Stadt,91
2020-03-27 17:00:00,Confirmed,Salzburg-Umgebung,103
2020-03-27 17:00:00,Confirmed,Sankt_Johann_im_Pongau,262
2020-03-27 17:00:00,Confirmed,Sankt_Pölten_Land,103
2020-03-27 17:00:00,Confirmed,Sankt_Pölten_Stadt,39
2020-03-27 17:00:00,Confirmed,Sankt_Veit_an_der_Glan,19
2020-03-27 17:00:00,Confirmed,Schärding,35
2020-03-27 17:00:00,Confirmed,Scheibbs,38
2020-03-27 17:00:00,Confirmed,Schwaz,152
2020-03-27 17:00:00,Confirmed,Spittal_an_der_Drau,16
2020-03-27 17:00:00,Confirmed,Steyr_Stadt,17
2020-03-27 17:00:00,Confirmed,Steyr-Land,81
2020-03-27 17:00:00,Confirmed,Südoststeiermark,33
2020-03-27 17:00:00,Confirmed,Tamsweg,12
2020-03-27 17:00:00,Confirmed,Tulln,92
2020-03-27 17:00:00,Confirmed,Urfahr-Umgebung,160
2020-03-27 17:00:00,Confirmed,Villach_Land,25
2020-03-27 17:00:00,Confirmed,Villach_Stadt,14
2020-03-27 17:00:00,Confirmed,Vöcklabruck,78
2020-03-27 17:00:00,Confirmed,Voitsberg,52
2020-03-27 17:00:00,Confirmed,Völkermarkt,34
2020-03-27 17:00:00,Confirmed,Waidhofen_an_der_Thaya,9
2020-03-27 17:00:00,Confirmed,Waidhofen_an_der_Ybbs_Stadt,11
2020-03-27 17:00:00,Confirmed,Weiz,73
2020-03-27 17:00:00,Confirmed,Wels_Stadt,47
2020-03-27 17:00:00,Confirmed,Wels-Land,57
2020-03-27 17:00:00,Confirmed,Wien_Stadt,1020
2020-03-27 17:00:00,Confirmed,Wiener_Neustadt_Land,14
2020-03-27 17:00:00,Confirmed,Wiener_Neustadt_Stadt,17
2020-03-27 17:00:00,Confirmed,Wolfsberg,20
2020-03-27 17:00:00,Confirmed,Zell_am_See,189
2020-03-27 17:00:00,Confirmed,Zwettl,17
2020-03-28 11:00:00,Confirmed,Amstetten,144
2020-03-28 11:00:00,Confirmed,Baden,68
2020-03-28 11:00:00,Confirmed,Bludenz,162
2020-03-28 11:00:00,Confirmed,Braunau_am_Inn,37
2020-03-28 11:00:00,Confirmed,Bregenz,132
2020-03-28 11:00:00,Confirmed,Bruck_an_der_Leitha,34
2020-03-28 11:00:00,Confirmed,Bruck-Mürzzuschlag,28
2020-03-28 11:00:00,Confirmed,Deutschlandsberg,15
2020-03-28 11:00:00,Confirmed,Dornbirn,88
2020-03-28 11:00:00,Confirmed,Eferding,22
2020-03-28 11:00:00,Confirmed,Eisenstadt_Stadt,9
2020-03-28 11:00:00,Confirmed,Eisenstadt-Umgebung,12
2020-03-28 11:00:00,Confirmed,Feldkirch,153
2020-03-28 11:00:00,Confirmed,Feldkirchen,8
2020-03-28 11:00:00,Confirmed,Freistadt,64
2020-03-28 11:00:00,Confirmed,Gänserndorf,39
2020-03-28 11:00:00,Confirmed,Gmünd,6
2020-03-28 11:00:00,Confirmed,Gmunden,47
2020-03-28 11:00:00,Confirmed,Graz_Stadt,191
2020-03-28 11:00:00,Confirmed,Graz-Umgebung,77
2020-03-28 11:00:00,Confirmed,Grieskirchen,28
2020-03-28 11:00:00,Confirmed,Gröbming,24
2020-03-28 11:00:00,Confirmed,Güssing,5
2020-03-28 11:00:00,Confirmed,Hallein,43
2020-03-28 11:00:00,Confirmed,Hartberg-Fürstenfeld,157
2020-03-28 11:00:00,Confirmed,Hermagor,3
2020-03-28 11:00:00,Confirmed,Hollabrunn,11
2020-03-28 11:00:00,Confirmed,Horn,8
2020-03-28 11:00:00,Confirmed,Imst,144
2020-03-28 11:00:00,Confirmed,Innsbruck-Land,227
2020-03-28 11:00:00,Confirmed,Innsbruck-Stadt,284
2020-03-28 11:00:00,Confirmed,Jennersdorf,7
2020-03-28 11:00:00,Confirmed,Kirchdorf_an_der_Krems,27
2020-03-28 11:00:00,Confirmed,Kitzbühel,166
2020-03-28 11:00:00,Confirmed,Klagenfurt_Land,24
2020-03-28 11:00:00,Confirmed,Klagenfurt_Stadt,42
2020-03-28 11:00:00,Confirmed,Korneuburg,95
2020-03-28 11:00:00,Confirmed,Krems_an_der_Donau_Stadt,18
2020-03-28 11:00:00,Confirmed,Krems_Land,76
2020-03-28 11:00:00,Confirmed,Kufstein,205
2020-03-28 11:00:00,Confirmed,Landeck,550
2020-03-28 11:00:00,Confirmed,Leibnitz,101
2020-03-28 11:00:00,Confirmed,Leoben,17
2020-03-28 11:00:00,Confirmed,Lienz,62
2020-03-28 11:00:00,Confirmed,Liezen,27
2020-03-28 11:00:00,Confirmed,Lilienfeld,19
2020-03-28 11:00:00,Confirmed,Linz_Stadt,168
2020-03-28 11:00:00,Confirmed,Linz-Land,113
2020-03-28 11:00:00,Confirmed,Mattersburg,17
2020-03-28 11:00:00,Confirmed,Melk,69
2020-03-28 11:00:00,Confirmed,Mistelbach,57
2020-03-28 11:00:00,Confirmed,Mödling,100
2020-03-28 11:00:00,Confirmed,Murau,2
2020-03-28 11:00:00,Confirmed,Murtal,20
2020-03-28 11:00:00,Confirmed,Neunkirchen,102
2020-03-28 11:00:00,Confirmed,Neusiedl_am_See,32
2020-03-28 11:00:00,Confirmed,Oberpullendorf,12
2020-03-28 11:00:00,Confirmed,Oberwart,48
2020-03-28 11:00:00,Confirmed,Perg,178
2020-03-28 11:00:00,Confirmed,Reutte,28
2020-03-28 11:00:00,Confirmed,Ried_im_Innkreis,23
2020-03-28 11:00:00,Confirmed,Rohrbach,91
2020-03-28 11:00:00,Confirmed,Salzburg_Stadt,95
2020-03-28 11:00:00,Confirmed,Salzburg-Umgebung,107
2020-03-28 11:00:00,Confirmed,Sankt_Johann_im_Pongau,292
2020-03-28 11:00:00,Confirmed,Sankt_Pölten_Land,119
2020-03-28 11:00:00,Confirmed,Sankt_Pölten_Stadt,40
2020-03-28 11:00:00,Confirmed,Sankt_Veit_an_der_Glan,19
2020-03-28 11:00:00,Confirmed,Schärding,35
2020-03-28 11:00:00,Confirmed,Scheibbs,58
2020-03-28 11:00:00,Confirmed,Schwaz,157
2020-03-28 11:00:00,Confirmed,Spittal_an_der_Drau,16
2020-03-28 11:00:00,Confirmed,Steyr_Stadt,17
2020-03-28 11:00:00,Confirmed,Steyr-Land,81
2020-03-28 11:00:00,Confirmed,Südoststeiermark,34
2020-03-28 11:00:00,Confirmed,Tamsweg,12
2020-03-28 11:00:00,Confirmed,Tulln,93
2020-03-28 11:00:00,Confirmed,Urfahr-Umgebung,168
2020-03-28 11:00:00,Confirmed,Villach_Land,26
2020-03-28 11:00:00,Confirmed,Villach_Stadt,13
2020-03-28 11:00:00,Confirmed,Vöcklabruck,81
2020-03-28 11:00:00,Confirmed,Voitsberg,52
2020-03-28 11:00:00,Confirmed,Völkermarkt,35
2020-03-28 11:00:00,Confirmed,Waidhofen_an_der_Thaya,9
2020-03-28 11:00:00,Confirmed,Waidhofen_an_der_Ybbs_Stadt,12
2020-03-28 11:00:00,Confirmed,Weiz,74
2020-03-28 11:00:00,Confirmed,Wels_Stadt,47
2020-03-28 11:00:00,Confirmed,Wels-Land,61
2020-03-28 11:00:00,Confirmed,Wien_Stadt,1033
2020-03-28 11:00:00,Confirmed,Wiener_Neustadt_Land,14
2020-03-28 11:00:00,Confirmed,Wiener_Neustadt_Stadt,18
2020-03-28 11:00:00,Confirmed,Wolfsberg,21
2020-03-28 11:00:00,Confirmed,Zell_am_See,201
2020-03-28 11:00:00,Confirmed,Zwettl,17
2020-03-28 19:00:00,Confirmed,Amstetten,153
2020-03-28 19:00:00,Confirmed,Baden,70
2020-03-28 19:00:00,Confirmed,Bludenz,169
2020-03-28 19:00:00,Confirmed,Braunau_am_Inn,40
2020-03-28 19:00:00,Confirmed,Bregenz,137
2020-03-28 19:00:00,Confirmed,Bruck_an_der_Leitha,35
2020-03-28 19:00:00,Confirmed,Bruck-Mürzzuschlag,32
2020-03-28 19:00:00,Confirmed,Deutschlandsberg,16
2020-03-28 19:00:00,Confirmed,Dornbirn,92
2020-03-28 19:00:00,Confirmed,Eferding,25
2020-03-28 19:00:00,Confirmed,Eisenstadt_Stadt,10
2020-03-28 19:00:00,Confirmed,Eisenstadt-Umgebung,11
2020-03-28 19:00:00,Confirmed,Feldkirch,158
2020-03-28 19:00:00,Confirmed,Feldkirchen,8
2020-03-28 19:00:00,Confirmed,Freistadt,69
2020-03-28 19:00:00,Confirmed,Gänserndorf,41
2020-03-28 19:00:00,Confirmed,Gmünd,6
2020-03-28 19:00:00,Confirmed,Gmunden,50
2020-03-28 19:00:00,Confirmed,Graz_Stadt,199
2020-03-28 19:00:00,Confirmed,Graz-Umgebung,80
2020-03-28 19:00:00,Confirmed,Grieskirchen,36
2020-03-28 19:00:00,Confirmed,Gröbming,24
2020-03-28 19:00:00,Confirmed,Güssing,6
2020-03-28 19:00:00,Confirmed,Hallein,47
2020-03-28 19:00:00,Confirmed,Hartberg-Fürstenfeld,165
2020-03-28 19:00:00,Confirmed,Hermagor,1
2020-03-28 19:00:00,Confirmed,Hollabrunn,11
2020-03-28 19:00:00,Confirmed,Horn,8
2020-03-28 19:00:00,Confirmed,Imst,145
2020-03-28 19:00:00,Confirmed,Innsbruck-Land,226
2020-03-28 19:00:00,Confirmed,Innsbruck-Stadt,285
2020-03-28 19:00:00,Confirmed,Jennersdorf,7
2020-03-28 19:00:00,Confirmed,Kirchdorf_an_der_Krems,29
2020-03-28 19:00:00,Confirmed,Kitzbühel,181
2020-03-28 19:00:00,Confirmed,Klagenfurt_Land,27
2020-03-28 19:00:00,Confirmed,Klagenfurt_Stadt,43
2020-03-28 19:00:00,Confirmed,Korneuburg,99
2020-03-28 19:00:00,Confirmed,Krems_an_der_Donau_Stadt,18
2020-03-28 19:00:00,Confirmed,Krems_Land,77
2020-03-28 19:00:00,Confirmed,Kufstein,223
2020-03-28 19:00:00,Confirmed,Landeck,557
2020-03-28 19:00:00,Confirmed,Leibnitz,114
2020-03-28 19:00:00,Confirmed,Leoben,18
2020-03-28 19:00:00,Confirmed,Lienz,62
2020-03-28 19:00:00,Confirmed,Liezen,28
2020-03-28 19:00:00,Confirmed,Lilienfeld,19
2020-03-28 19:00:00,Confirmed,Linz_Stadt,175
2020-03-28 19:00:00,Confirmed,Linz-Land,115
2020-03-28 19:00:00,Confirmed,Mattersburg,17
2020-03-28 19:00:00,Confirmed,Melk,72
2020-03-28 19:00:00,Confirmed,Mistelbach,60
2020-03-28 19:00:00,Confirmed,Mödling,99
2020-03-28 19:00:00,Confirmed,Murau,2
2020-03-28 19:00:00,Confirmed,Murtal,21
2020-03-28 19:00:00,Confirmed,Neunkirchen,105
2020-03-28 19:00:00,Confirmed,Neusiedl_am_See,33
2020-03-28 19:00:00,Confirmed,Oberpullendorf,12
2020-03-28 19:00:00,Confirmed,Oberwart,56
2020-03-28 19:00:00,Confirmed,Perg,186
2020-03-28 19:00:00,Confirmed,Reutte,30
2020-03-28 19:00:00,Confirmed,Ried_im_Innkreis,21
2020-03-28 19:00:00,Confirmed,Rohrbach,93
2020-03-28 19:00:00,Confirmed,Salzburg_Stadt,98
2020-03-28 19:00:00,Confirmed,Salzburg-Umgebung,119
2020-03-28 19:00:00,Confirmed,Sankt_Johann_im_Pongau,296
2020-03-28 19:00:00,Confirmed,Sankt_Pölten_Land,124
2020-03-28 19:00:00,Confirmed,Sankt_Pölten_Stadt,46
2020-03-28 19:00:00,Confirmed,Sankt_Veit_an_der_Glan,27
2020-03-28 19:00:00,Confirmed,Schärding,35
2020-03-28 19:00:00,Confirmed,Scheibbs,58
2020-03-28 19:00:00,Confirmed,Schwaz,169
2020-03-28 19:00:00,Confirmed,Spittal_an_der_Drau,16
2020-03-28 19:00:00,Confirmed,Steyr_Stadt,23
2020-03-28 19:00:00,Confirmed,Steyr-Land,97
2020-03-28 19:00:00,Confirmed,Südoststeiermark,34
2020-03-28 19:00:00,Confirmed,Tamsweg,12
2020-03-28 19:00:00,Confirmed,Tulln,97
2020-03-28 19:00:00,Confirmed,Urfahr-Umgebung,196
2020-03-28 19:00:00,Confirmed,Villach_Land,26
2020-03-28 19:00:00,Confirmed,Villach_Stadt,13
2020-03-28 19:00:00,Confirmed,Vöcklabruck,82
2020-03-28 19:00:00,Confirmed,Voitsberg,63
2020-03-28 19:00:00,Confirmed,Völkermarkt,38
2020-03-28 19:00:00,Confirmed,Waidhofen_an_der_Thaya,10
2020-03-28 19:00:00,Confirmed,Waidhofen_an_der_Ybbs_Stadt,12
2020-03-28 19:00:00,Confirmed,Weiz,76
2020-03-28 19:00:00,Confirmed,Wels_Stadt,48
2020-03-28 19:00:00,Confirmed,Wels-Land,63
2020-03-28 19:00:00,Confirmed,Wien_Stadt,1075
2020-03-28 19:00:00,Confirmed,Wiener_Neustadt_Land,18
2020-03-28 19:00:00,Confirmed,Wiener_Neustadt_Stadt,20
2020-03-28 19:00:00,Confirmed,Wolfsberg,24
2020-03-28 19:00:00,Confirmed,Zell_am_See,202
2020-03-28 19:00:00,Confirmed,Zwettl,17
2020-03-29 12:00:00,Confirmed,Amstetten,156
2020-03-29 12:00:00,Confirmed,Baden,71
2020-03-29 12:00:00,Confirmed,Bludenz,179
2020-03-29 12:00:00,Confirmed,Braunau_am_Inn,40
2020-03-29 12:00:00,Confirmed,Bregenz,139
2020-03-29 12:00:00,Confirmed,Bruck_an_der_Leitha,36
2020-03-29 12:00:00,Confirmed,Bruck-Mürzzuschlag,32
2020-03-29 12:00:00,Confirmed,Deutschlandsberg,16
2020-03-29 12:00:00,Confirmed,Dornbirn,96
2020-03-29 12:00:00,Confirmed,Eferding,25
2020-03-29 12:00:00,Confirmed,Eisenstadt_Stadt,10
2020-03-29 12:00:00,Confirmed,Eisenstadt-Umgebung,11
2020-03-29 12:00:00,Confirmed,Feldkirch,163
2020-03-29 12:00:00,Confirmed,Feldkirchen,8
2020-03-29 12:00:00,Confirmed,Freistadt,78
2020-03-29 12:00:00,Confirmed,Gänserndorf,41
2020-03-29 12:00:00,Confirmed,Gmünd,6
2020-03-29 12:00:00,Confirmed,Gmunden,51
2020-03-29 12:00:00,Confirmed,Graz_Stadt,205
2020-03-29 12:00:00,Confirmed,Graz-Umgebung,74
2020-03-29 12:00:00,Confirmed,Grieskirchen,36
2020-03-29 12:00:00,Confirmed,Gröbming,24
2020-03-29 12:00:00,Confirmed,Güssing,6
2020-03-29 12:00:00,Confirmed,Hallein,47
2020-03-29 12:00:00,Confirmed,Hartberg-Fürstenfeld,166
2020-03-29 12:00:00,Confirmed,Hermagor,1
2020-03-29 12:00:00,Confirmed,Hollabrunn,11
2020-03-29 12:00:00,Confirmed,Horn,9
2020-03-29 12:00:00,Confirmed,Imst,149
2020-03-29 12:00:00,Confirmed,Innsbruck-Land,226
2020-03-29 12:00:00,Confirmed,Innsbruck-Stadt,284
2020-03-29 12:00:00,Confirmed,Jennersdorf,7
2020-03-29 12:00:00,Confirmed,Kirchdorf_an_der_Krems,29
2020-03-29 12:00:00,Confirmed,Kitzbühel,181
2020-03-29 12:00:00,Confirmed,Klagenfurt_Land,27
2020-03-29 12:00:00,Confirmed,Klagenfurt_Stadt,44
2020-03-29 12:00:00,Confirmed,Korneuburg,99
2020-03-29 12:00:00,Confirmed,Krems_an_der_Donau_Stadt,20
2020-03-29 12:00:00,Confirmed,Krems_Land,87
2020-03-29 12:00:00,Confirmed,Kufstein,245
2020-03-29 12:00:00,Confirmed,Landeck,583
2020-03-29 12:00:00,Confirmed,Leibnitz,114
2020-03-29 12:00:00,Confirmed,Leoben,18
2020-03-29 12:00:00,Confirmed,Lienz,62
2020-03-29 12:00:00,Confirmed,Liezen,28
2020-03-29 12:00:00,Confirmed,Lilienfeld,22
2020-03-29 12:00:00,Confirmed,Linz_Stadt,179
2020-03-29 12:00:00,Confirmed,Linz-Land,122
2020-03-29 12:00:00,Confirmed,Mattersburg,17
2020-03-29 12:00:00,Confirmed,Melk,77
2020-03-29 12:00:00,Confirmed,Mistelbach,72
2020-03-29 12:00:00,Confirmed,Mödling,100
2020-03-29 12:00:00,Confirmed,Murau,2
2020-03-29 12:00:00,Confirmed,Murtal,21
2020-03-29 12:00:00,Confirmed,Neunkirchen,105
2020-03-29 12:00:00,Confirmed,Neusiedl_am_See,35
2020-03-29 12:00:00,Confirmed,Oberpullendorf,12
2020-03-29 12:00:00,Confirmed,Oberwart,56
2020-03-29 12:00:00,Confirmed,Perg,189
2020-03-29 12:00:00,Confirmed,Reutte,30
2020-03-29 12:00:00,Confirmed,Ried_im_Innkreis,21
2020-03-29 12:00:00,Confirmed,Rohrbach,95
2020-03-29 12:00:00,Confirmed,Salzburg_Stadt,99
2020-03-29 12:00:00,Confirmed,Salzburg-Umgebung,120
2020-03-29 12:00:00,Confirmed,Sankt_Johann_im_Pongau,307
2020-03-29 12:00:00,Confirmed,Sankt_Pölten_Land,135
2020-03-29 12:00:00,Confirmed,Sankt_Pölten_Stadt,47
2020-03-29 12:00:00,Confirmed,Sankt_Veit_an_der_Glan,28
2020-03-29 12:00:00,Confirmed,Schärding,35
2020-03-29 12:00:00,Confirmed,Scheibbs,58
2020-03-29 12:00:00,Confirmed,Schwaz,176
2020-03-29 12:00:00,Confirmed,Spittal_an_der_Drau,16
2020-03-29 12:00:00,Confirmed,Steyr_Stadt,23
2020-03-29 12:00:00,Confirmed,Steyr-Land,106
2020-03-29 12:00:00,Confirmed,Südoststeiermark,34
2020-03-29 12:00:00,Confirmed,Tamsweg,14
2020-03-29 12:00:00,Confirmed,Tulln,99
2020-03-29 12:00:00,Confirmed,Urfahr-Umgebung,200
2020-03-29 12:00:00,Confirmed,Villach_Land,27
2020-03-29 12:00:00,Confirmed,Villach_Stadt,13
2020-03-29 12:00:00,Confirmed,Vöcklabruck,82
2020-03-29 12:00:00,Confirmed,Voitsberg,63
2020-03-29 12:00:00,Confirmed,Völkermarkt,38
2020-03-29 12:00:00,Confirmed,Waidhofen_an_der_Thaya,11
2020-03-29 12:00:00,Confirmed,Waidhofen_an_der_Ybbs_Stadt,15
2020-03-29 12:00:00,Confirmed,Weiz,76
2020-03-29 12:00:00,Confirmed,Wels_Stadt,48
2020-03-29 12:00:00,Confirmed,Wels-Land,63
2020-03-29 12:00:00,Confirmed,Wien_Stadt,1093
2020-03-29 12:00:00,Confirmed,Wiener_Neustadt_Land,19
2020-03-29 12:00:00,Confirmed,Wiener_Neustadt_Stadt,20
2020-03-29 12:00:00,Confirmed,Wolfsberg,25
2020-03-29 12:00:00,Confirmed,Zell_am_See,207
2020-03-29 12:00:00,Confirmed,Zwettl,19
2020-03-29 16:00:00,Confirmed,Amstetten,157
2020-03-29 16:00:00,Confirmed,Baden,71
2020-03-29 16:00:00,Confirmed,Bludenz,179
2020-03-29 16:00:00,Confirmed,Braunau_am_Inn,40
2020-03-29 16:00:00,Confirmed,Bregenz,139
2020-03-29 16:00:00,Confirmed,Bruck_an_der_Leitha,36
2020-03-29 16:00:00,Confirmed,Bruck-Mürzzuschlag,37
2020-03-29 16:00:00,Confirmed,Deutschlandsberg,22
2020-03-29 16:00:00,Confirmed,Dornbirn,96
2020-03-29 16:00:00,Confirmed,Eferding,26
2020-03-29 16:00:00,Confirmed,Eisenstadt_Stadt,10
2020-03-29 16:00:00,Confirmed,Eisenstadt-Umgebung,12
2020-03-29 16:00:00,Confirmed,Feldkirch,165
2020-03-29 16:00:00,Confirmed,Feldkirchen,8
2020-03-29 16:00:00,Confirmed,Freistadt,79
2020-03-29 16:00:00,Confirmed,Gänserndorf,43
2020-03-29 16:00:00,Confirmed,Gmünd,6
2020-03-29 16:00:00,Confirmed,Gmunden,51
2020-03-29 16:00:00,Confirmed,Graz_Stadt,215
2020-03-29 16:00:00,Confirmed,Graz-Umgebung,85
2020-03-29 16:00:00,Confirmed,Grieskirchen,39
2020-03-29 16:00:00,Confirmed,Gröbming,25
2020-03-29 16:00:00,Confirmed,Güssing,6
2020-03-29 16:00:00,Confirmed,Hallein,47
2020-03-29 16:00:00,Confirmed,Hartberg-Fürstenfeld,176
2020-03-29 16:00:00,Confirmed,Hermagor,1
2020-03-29 16:00:00,Confirmed,Hollabrunn,14
2020-03-29 16:00:00,Confirmed,Horn,9
2020-03-29 16:00:00,Confirmed,Imst,150
2020-03-29 16:00:00,Confirmed,Innsbruck-Land,227
2020-03-29 16:00:00,Confirmed,Innsbruck-Stadt,285
2020-03-29 16:00:00,Confirmed,Jennersdorf,7
2020-03-29 16:00:00,Confirmed,Kirchdorf_an_der_Krems,31
2020-03-29 16:00:00,Confirmed,Kitzbühel,181
2020-03-29 16:00:00,Confirmed,Klagenfurt_Land,32
2020-03-29 16:00:00,Confirmed,Klagenfurt_Stadt,45
2020-03-29 16:00:00,Confirmed,Korneuburg,103
2020-03-29 16:00:00,Confirmed,Krems_an_der_Donau_Stadt,20
2020-03-29 16:00:00,Confirmed,Krems_Land,88
2020-03-29 16:00:00,Confirmed,Kufstein,248
2020-03-29 16:00:00,Confirmed,Landeck,584
2020-03-29 16:00:00,Confirmed,Leibnitz,116
2020-03-29 16:00:00,Confirmed,Leoben,18
2020-03-29 16:00:00,Confirmed,Lienz,62
2020-03-29 16:00:00,Confirmed,Liezen,29
2020-03-29 16:00:00,Confirmed,Lilienfeld,22
2020-03-29 16:00:00,Confirmed,Linz_Stadt,187
2020-03-29 16:00:00,Confirmed,Linz-Land,126
2020-03-29 16:00:00,Confirmed,Mattersburg,22
2020-03-29 16:00:00,Confirmed,Melk,79
2020-03-29 16:00:00,Confirmed,Mistelbach,76
2020-03-29 16:00:00,Confirmed,Mödling,100
2020-03-29 16:00:00,Confirmed,Murau,2
2020-03-29 16:00:00,Confirmed,Murtal,23
2020-03-29 16:00:00,Confirmed,Neunkirchen,105
2020-03-29 16:00:00,Confirmed,Neusiedl_am_See,41
2020-03-29 16:00:00,Confirmed,Oberpullendorf,13
2020-03-29 16:00:00,Confirmed,Oberwart,58
2020-03-29 16:00:00,Confirmed,Perg,193
2020-03-29 16:00:00,Confirmed,Reutte,31
2020-03-29 16:00:00,Confirmed,Ried_im_Innkreis,21
2020-03-29 16:00:00,Confirmed,Rohrbach,96
2020-03-29 16:00:00,Confirmed,Salzburg_Stadt,101
2020-03-29 16:00:00,Confirmed,Salzburg-Umgebung,120
2020-03-29 16:00:00,Confirmed,Sankt_Johann_im_Pongau,311
2020-03-29 16:00:00,Confirmed,Sankt_Pölten_Land,135
2020-03-29 16:00:00,Confirmed,Sankt_Pölten_Stadt,47
2020-03-29 16:00:00,Confirmed,Sankt_Veit_an_der_Glan,32
2020-03-29 16:00:00,Confirmed,Schärding,41
2020-03-29 16:00:00,Confirmed,Scheibbs,60
2020-03-29 16:00:00,Confirmed,Schwaz,182
2020-03-29 16:00:00,Confirmed,Spittal_an_der_Drau,16
2020-03-29 16:00:00,Confirmed,Steyr_Stadt,23
2020-03-29 16:00:00,Confirmed,Steyr-Land,107
2020-03-29 16:00:00,Confirmed,Südoststeiermark,36
2020-03-29 16:00:00,Confirmed,Tamsweg,14
2020-03-29 16:00:00,Confirmed,Tulln,100
2020-03-29 16:00:00,Confirmed,Urfahr-Umgebung,201
2020-03-29 16:00:00,Confirmed,Villach_Land,27
2020-03-29 16:00:00,Confirmed,Villach_Stadt,13
2020-03-29 16:00:00,Confirmed,Vöcklabruck,82
2020-03-29 16:00:00,Confirmed,Voitsberg,66
2020-03-29 16:00:00,Confirmed,Völkermarkt,39
2020-03-29 16:00:00,Confirmed,Waidhofen_an_der_Thaya,12
2020-03-29 16:00:00,Confirmed,Waidhofen_an_der_Ybbs_Stadt,15
2020-03-29 16:00:00,Confirmed,Weiz,79
2020-03-29 16:00:00,Confirmed,Wels_Stadt,51
2020-03-29 16:00:00,Confirmed,Wels-Land,63
2020-03-29 16:00:00,Confirmed,Wien_Stadt,1101
2020-03-29 16:00:00,Confirmed,Wiener_Neustadt_Land,20
2020-03-29 16:00:00,Confirmed,Wiener_Neustadt_Stadt,20
2020-03-29 16:00:00,Confirmed,Wolfsberg,26
2020-03-29 16:00:00,Confirmed,Zell_am_See,207
2020-03-29 16:00:00,Confirmed,Zwettl,19
2020-03-30 10:00:00,Confirmed,Amstetten,160
2020-03-30 10:00:00,Confirmed,Baden,79
2020-03-30 10:00:00,Confirmed,Bludenz,190
2020-03-30 10:00:00,Confirmed,Braunau_am_Inn,44
2020-03-30 10:00:00,Confirmed,Bregenz,151
2020-03-30 10:00:00,Confirmed,Bruck_an_der_Leitha,41
2020-03-30 10:00:00,Confirmed,Bruck-Mürzzuschlag,37
2020-03-30 10:00:00,Confirmed,Deutschlandsberg,22
2020-03-30 10:00:00,Confirmed,Dornbirn,100
2020-03-30 10:00:00,Confirmed,Eferding,26
2020-03-30 10:00:00,Confirmed,Eisenstadt_Stadt,11
2020-03-30 10:00:00,Confirmed,Eisenstadt-Umgebung,12
2020-03-30 10:00:00,Confirmed,Feldkirch,169
2020-03-30 10:00:00,Confirmed,Feldkirchen,10
2020-03-30 10:00:00,Confirmed,Freistadt,79
2020-03-30 10:00:00,Confirmed,Gänserndorf,43
2020-03-30 10:00:00,Confirmed,Gmünd,6
2020-03-30 10:00:00,Confirmed,Gmunden,50
2020-03-30 10:00:00,Confirmed,Graz_Stadt,217
2020-03-30 10:00:00,Confirmed,Graz-Umgebung,83
2020-03-30 10:00:00,Confirmed,Grieskirchen,39
2020-03-30 10:00:00,Confirmed,Gröbming,25
2020-03-30 10:00:00,Confirmed,Güssing,9
2020-03-30 10:00:00,Confirmed,Hallein,49
2020-03-30 10:00:00,Confirmed,Hartberg-Fürstenfeld,176
2020-03-30 10:00:00,Confirmed,Hermagor,1
2020-03-30 10:00:00,Confirmed,Hollabrunn,14
2020-03-30 10:00:00,Confirmed,Horn,9
2020-03-30 10:00:00,Confirmed,Imst,153
2020-03-30 10:00:00,Confirmed,Innsbruck-Land,255
2020-03-30 10:00:00,Confirmed,Innsbruck-Stadt,287
2020-03-30 10:00:00,Confirmed,Jennersdorf,7
2020-03-30 10:00:00,Confirmed,Kirchdorf_an_der_Krems,32
2020-03-30 10:00:00,Confirmed,Kitzbühel,198
2020-03-30 10:00:00,Confirmed,Klagenfurt_Land,32
2020-03-30 10:00:00,Confirmed,Klagenfurt_Stadt,48
2020-03-30 10:00:00,Confirmed,Korneuburg,105
2020-03-30 10:00:00,Confirmed,Krems_an_der_Donau_Stadt,21
2020-03-30 10:00:00,Confirmed,Krems_Land,87
2020-03-30 10:00:00,Confirmed,Kufstein,275
2020-03-30 10:00:00,Confirmed,Landeck,610
2020-03-30 10:00:00,Confirmed,Leibnitz,116
2020-03-30 10:00:00,Confirmed,Leoben,18
2020-03-30 10:00:00,Confirmed,Lienz,89
2020-03-30 10:00:00,Confirmed,Liezen,29
2020-03-30 10:00:00,Confirmed,Lilienfeld,22
2020-03-30 10:00:00,Confirmed,Linz_Stadt,196
2020-03-30 10:00:00,Confirmed,Linz-Land,132
2020-03-30 10:00:00,Confirmed,Mattersburg,22
2020-03-30 10:00:00,Confirmed,Melk,79
2020-03-30 10:00:00,Confirmed,Mistelbach,76
2020-03-30 10:00:00,Confirmed,Mödling,101
2020-03-30 10:00:00,Confirmed,Murau,2
2020-03-30 10:00:00,Confirmed,Murtal,23
2020-03-30 10:00:00,Confirmed,Neunkirchen,111
2020-03-30 10:00:00,Confirmed,Neusiedl_am_See,43
2020-03-30 10:00:00,Confirmed,Oberpullendorf,14
2020-03-30 10:00:00,Confirmed,Oberwart,59
2020-03-30 10:00:00,Confirmed,Perg,212
2020-03-30 10:00:00,Confirmed,Reutte,34
2020-03-30 10:00:00,Confirmed,Ried_im_Innkreis,21
2020-03-30 10:00:00,Confirmed,Rohrbach,103
2020-03-30 10:00:00,Confirmed,Salzburg_Stadt,106
2020-03-30 10:00:00,Confirmed,Salzburg-Umgebung,130
2020-03-30 10:00:00,Confirmed,Sankt_Johann_im_Pongau,323
2020-03-30 10:00:00,Confirmed,Sankt_Pölten_Land,142
2020-03-30 10:00:00,Confirmed,Sankt_Pölten_Stadt,52
2020-03-30 10:00:00,Confirmed,Sankt_Veit_an_der_Glan,32
2020-03-30 10:00:00,Confirmed,Schärding,42
2020-03-30 10:00:00,Confirmed,Scheibbs,61
2020-03-30 10:00:00,Confirmed,Schwaz,191
2020-03-30 10:00:00,Confirmed,Spittal_an_der_Drau,24
2020-03-30 10:00:00,Confirmed,Steyr_Stadt,24
2020-03-30 10:00:00,Confirmed,Steyr-Land,110
2020-03-30 10:00:00,Confirmed,Südoststeiermark,36
2020-03-30 10:00:00,Confirmed,Tamsweg,14
2020-03-30 10:00:00,Confirmed,Tulln,102
2020-03-30 10:00:00,Confirmed,Urfahr-Umgebung,207
2020-03-30 10:00:00,Confirmed,Villach_Land,30
2020-03-30 10:00:00,Confirmed,Villach_Stadt,14
2020-03-30 10:00:00,Confirmed,Vöcklabruck,82
2020-03-30 10:00:00,Confirmed,Voitsberg,66
2020-03-30 10:00:00,Confirmed,Völkermarkt,41
2020-03-30 10:00:00,Confirmed,Waidhofen_an_der_Thaya,12
2020-03-30 10:00:00,Confirmed,Waidhofen_an_der_Ybbs_Stadt,15
2020-03-30 10:00:00,Confirmed,Weiz,79
2020-03-30 10:00:00,Confirmed,Wels_Stadt,51
2020-03-30 10:00:00,Confirmed,Wels-Land,64
2020-03-30 10:00:00,Confirmed,Wien_Stadt,1125
2020-03-30 10:00:00,Confirmed,Wiener_Neustadt_Land,24
2020-03-30 10:00:00,Confirmed,Wiener_Neustadt_Stadt,21
2020-03-30 10:00:00,Confirmed,Wolfsberg,27
2020-03-30 10:00:00,Confirmed,Zell_am_See,228
2020-03-30 10:00:00,Confirmed,Zwettl,19
2020-03-30 17:00:00,Confirmed,Amstetten,170
2020-03-30 17:00:00,Confirmed,Baden,83
2020-03-30 17:00:00,Confirmed,Bludenz,191
2020-03-30 17:00:00,Confirmed,Braunau_am_Inn,44
2020-03-30 17:00:00,Confirmed,Bregenz,156
2020-03-30 17:00:00,Confirmed,Bruck_an_der_Leitha,49
2020-03-30 17:00:00,Confirmed,Bruck-Mürzzuschlag,38
2020-03-30 17:00:00,Confirmed,Deutschlandsberg,22
2020-03-30 17:00:00,Confirmed,Dornbirn,104
2020-03-30 17:00:00,Confirmed,Eferding,30
2020-03-30 17:00:00,Confirmed,Eisenstadt_Stadt,11
2020-03-30 17:00:00,Confirmed,Eisenstadt-Umgebung,12
2020-03-30 17:00:00,Confirmed,Feldkirch,170
2020-03-30 17:00:00,Confirmed,Feldkirchen,10
2020-03-30 17:00:00,Confirmed,Freistadt,80
2020-03-30 17:00:00,Confirmed,Gänserndorf,49
2020-03-30 17:00:00,Confirmed,Gmünd,6
2020-03-30 17:00:00,Confirmed,Gmunden,52
2020-03-30 17:00:00,Confirmed,Graz_Stadt,242
2020-03-30 17:00:00,Confirmed,Graz-Umgebung,90
2020-03-30 17:00:00,Confirmed,Grieskirchen,43
2020-03-30 17:00:00,Confirmed,Gröbming,28
2020-03-30 17:00:00,Confirmed,Güssing,10
2020-03-30 17:00:00,Confirmed,Hallein,49
2020-03-30 17:00:00,Confirmed,Hartberg-Fürstenfeld,188
2020-03-30 17:00:00,Confirmed,Hermagor,1
2020-03-30 17:00:00,Confirmed,Hollabrunn,15
2020-03-30 17:00:00,Confirmed,Horn,14
2020-03-30 17:00:00,Confirmed,Imst,172
2020-03-30 17:00:00,Confirmed,Innsbruck-Land,283
2020-03-30 17:00:00,Confirmed,Innsbruck-Stadt,301
2020-03-30 17:00:00,Confirmed,Jennersdorf,7
2020-03-30 17:00:00,Confirmed,Kirchdorf_an_der_Krems,32
2020-03-30 17:00:00,Confirmed,Kitzbühel,220
2020-03-30 17:00:00,Confirmed,Klagenfurt_Land,32
2020-03-30 17:00:00,Confirmed,Klagenfurt_Stadt,51
2020-03-30 17:00:00,Confirmed,Korneuburg,108
2020-03-30 17:00:00,Confirmed,Krems_an_der_Donau_Stadt,23
2020-03-30 17:00:00,Confirmed,Krems_Land,93
2020-03-30 17:00:00,Confirmed,Kufstein,297
2020-03-30 17:00:00,Confirmed,Landeck,617
2020-03-30 17:00:00,Confirmed,Leibnitz,126
2020-03-30 17:00:00,Confirmed,Leoben,19
2020-03-30 17:00:00,Confirmed,Lienz,92
2020-03-30 17:00:00,Confirmed,Liezen,29
2020-03-30 17:00:00,Confirmed,Lilienfeld,26
2020-03-30 17:00:00,Confirmed,Linz_Stadt,199
2020-03-30 17:00:00,Confirmed,Linz-Land,133
2020-03-30 17:00:00,Confirmed,Mattersburg,22
2020-03-30 17:00:00,Confirmed,Melk,88
2020-03-30 17:00:00,Confirmed,Mistelbach,82
2020-03-30 17:00:00,Confirmed,Mödling,107
2020-03-30 17:00:00,Confirmed,Murau,2
2020-03-30 17:00:00,Confirmed,Murtal,23
2020-03-30 17:00:00,Confirmed,Neunkirchen,124
2020-03-30 17:00:00,Confirmed,Neusiedl_am_See,44
2020-03-30 17:00:00,Confirmed,Oberpullendorf,14
2020-03-30 17:00:00,Confirmed,Oberwart,59
2020-03-30 17:00:00,Confirmed,Perg,217
2020-03-30 17:00:00,Confirmed,Reutte,35
2020-03-30 17:00:00,Confirmed,Ried_im_Innkreis,21
2020-03-30 17:00:00,Confirmed,Rohrbach,103
2020-03-30 17:00:00,Confirmed,Salzburg_Stadt,108
2020-03-30 17:00:00,Confirmed,Salzburg-Umgebung,134
2020-03-30 17:00:00,Confirmed,Sankt_Johann_im_Pongau,324
2020-03-30 17:00:00,Confirmed,Sankt_Pölten_Land,163
2020-03-30 17:00:00,Confirmed,Sankt_Pölten_Stadt,54
2020-03-30 17:00:00,Confirmed,Sankt_Veit_an_der_Glan,32
2020-03-30 17:00:00,Confirmed,Schärding,42
2020-03-30 17:00:00,Confirmed,Scheibbs,73
2020-03-30 17:00:00,Confirmed,Schwaz,202
2020-03-30 17:00:00,Confirmed,Spittal_an_der_Drau,24
2020-03-30 17:00:00,Confirmed,Steyr_Stadt,25
2020-03-30 17:00:00,Confirmed,Steyr-Land,110
2020-03-30 17:00:00,Confirmed,Südoststeiermark,36
2020-03-30 17:00:00,Confirmed,Tamsweg,14
2020-03-30 17:00:00,Confirmed,Tulln,106
2020-03-30 17:00:00,Confirmed,Urfahr-Umgebung,209
2020-03-30 17:00:00,Confirmed,Villach_Land,32
2020-03-30 17:00:00,Confirmed,Villach_Stadt,15
2020-03-30 17:00:00,Confirmed,Vöcklabruck,84
2020-03-30 17:00:00,Confirmed,Voitsberg,66
2020-03-30 17:00:00,Confirmed,Völkermarkt,42
2020-03-30 17:00:00,Confirmed,Waidhofen_an_der_Thaya,13
2020-03-30 17:00:00,Confirmed,Waidhofen_an_der_Ybbs_Stadt,19
2020-03-30 17:00:00,Confirmed,Weiz,81
2020-03-30 17:00:00,Confirmed,Wels_Stadt,51
2020-03-30 17:00:00,Confirmed,Wels-Land,64
2020-03-30 17:00:00,Confirmed,Wien_Stadt,1245
2020-03-30 17:00:00,Confirmed,Wiener_Neustadt_Land,25
2020-03-30 17:00:00,Confirmed,Wiener_Neustadt_Stadt,22
2020-03-30 17:00:00,Confirmed,Wolfsberg,28
2020-03-30 17:00:00,Confirmed,Zell_am_See,228
2020-03-30 17:00:00,Confirmed,Zwettl,25
2020-03-31 12:00:00,Confirmed,Baden,83
2020-03-31 12:00:00,Confirmed,Bludenz,197
2020-03-31 12:00:00,Confirmed,Braunau_am_Inn,44
2020-03-31 12:00:00,Confirmed,Bregenz,159
2020-03-31 12:00:00,Confirmed,Bruck_an_der_Leitha,50
2020-03-31 12:00:00,Confirmed,Bruck-Mürzzuschlag,40
2020-03-31 12:00:00,Confirmed,Deutschlandsberg,23
2020-03-31 12:00:00,Confirmed,Dornbirn,108
2020-03-31 12:00:00,Confirmed,Eferding,30
2020-03-31 12:00:00,Confirmed,Eisenstadt_Stadt,11
2020-03-31 12:00:00,Confirmed,Eisenstadt-Umgebung,12
2020-03-31 12:00:00,Confirmed,Feldkirch,173
2020-03-31 12:00:00,Confirmed,Feldkirchen,11
2020-03-31 12:00:00,Confirmed,Freistadt,86
2020-03-31 12:00:00,Confirmed,Gänserndorf,49
2020-03-31 12:00:00,Confirmed,Gmünd,6
2020-03-31 12:00:00,Confirmed,Gmunden,52
2020-03-31 12:00:00,Confirmed,Graz_Stadt,252
2020-03-31 12:00:00,Confirmed,Graz-Umgebung,97
2020-03-31 12:00:00,Confirmed,Grieskirchen,44
2020-03-31 12:00:00,Confirmed,Gröbming,28
2020-03-31 12:00:00,Confirmed,Güssing,10
2020-03-31 12:00:00,Confirmed,Hallein,50
2020-03-31 12:00:00,Confirmed,Hartberg-Fürstenfeld,192
2020-03-31 12:00:00,Confirmed,Hermagor,1
2020-03-31 12:00:00,Confirmed,Hollabrunn,16
2020-03-31 12:00:00,Confirmed,Horn,15
2020-03-31 12:00:00,Confirmed,Imst,192
2020-03-31 12:00:00,Confirmed,Innsbruck-Land,288
2020-03-31 12:00:00,Confirmed,Innsbruck-Stadt,304
2020-03-31 12:00:00,Confirmed,Jennersdorf,7
2020-03-31 12:00:00,Confirmed,Kirchdorf_an_der_Krems,32
2020-03-31 12:00:00,Confirmed,Kitzbühel,242
2020-03-31 12:00:00,Confirmed,Klagenfurt_Land,29
2020-03-31 12:00:00,Confirmed,Klagenfurt_Stadt,52
2020-03-31 12:00:00,Confirmed,Korneuburg,108
2020-03-31 12:00:00,Confirmed,Krems_an_der_Donau_Stadt,24
2020-03-31 12:00:00,Confirmed,Krems_Land,97
2020-03-31 12:00:00,Confirmed,Kufstein,304
2020-03-31 12:00:00,Confirmed,Landeck,643
2020-03-31 12:00:00,Confirmed,Leibnitz,128
2020-03-31 12:00:00,Confirmed,Leoben,19
2020-03-31 12:00:00,Confirmed,Lienz,95
2020-03-31 12:00:00,Confirmed,Liezen,29
2020-03-31 12:00:00,Confirmed,Lilienfeld,29
2020-03-31 12:00:00,Confirmed,Linz_Stadt,204
2020-03-31 12:00:00,Confirmed,Linz-Land,138
2020-03-31 12:00:00,Confirmed,Mattersburg,22
2020-03-31 12:00:00,Confirmed,Melk,95
2020-03-31 12:00:00,Confirmed,Mistelbach,83
2020-03-31 12:00:00,Confirmed,Mödling,109
2020-03-31 12:00:00,Confirmed,Murau,2
2020-03-31 12:00:00,Confirmed,Murtal,24
2020-03-31 12:00:00,Confirmed,Neunkirchen,128
2020-03-31 12:00:00,Confirmed,Neusiedl_am_See,43
2020-03-31 12:00:00,Confirmed,Oberpullendorf,15
2020-03-31 12:00:00,Confirmed,Oberwart,61
2020-03-31 12:00:00,Confirmed,Perg,221
2020-03-31 12:00:00,Confirmed,Reutte,42
2020-03-31 12:00:00,Confirmed,Ried_im_Innkreis,21
2020-03-31 12:00:00,Confirmed,Rohrbach,104
2020-03-31 12:00:00,Confirmed,Salzburg_Stadt,109
2020-03-31 12:00:00,Confirmed,Salzburg-Umgebung,139
2020-03-31 12:00:00,Confirmed,Sankt_Johann_im_Pongau,339
2020-03-31 12:00:00,Confirmed,Sankt_Pölten_Land,171
2020-03-31 12:00:00,Confirmed,Sankt_Pölten_Stadt,54
2020-03-31 12:00:00,Confirmed,Sankt_Veit_an_der_Glan,33
2020-03-31 12:00:00,Confirmed,Schärding,43
2020-03-31 12:00:00,Confirmed,Scheibbs,80
2020-03-31 12:00:00,Confirmed,Schwaz,208
2020-03-31 12:00:00,Confirmed,Spittal_an_der_Drau,26
2020-03-31 12:00:00,Confirmed,Steyr_Stadt,31
2020-03-31 12:00:00,Confirmed,Steyr-Land,110
2020-03-31 12:00:00,Confirmed,Südoststeiermark,37
2020-03-31 12:00:00,Confirmed,Tamsweg,15
2020-03-31 12:00:00,Confirmed,Tulln,106
2020-03-31 12:00:00,Confirmed,Urfahr-Umgebung,212
2020-03-31 12:00:00,Confirmed,Villach_Land,33
2020-03-31 12:00:00,Confirmed,Villach_Stadt,14
2020-03-31 12:00:00,Confirmed,Vöcklabruck,87
2020-03-31 12:00:00,Confirmed,Voitsberg,69
2020-03-31 12:00:00,Confirmed,Völkermarkt,43
2020-03-31 12:00:00,Confirmed,Waidhofen_an_der_Thaya,13
2020-03-31 12:00:00,Confirmed,Waidhofen_an_der_Ybbs_Stadt,19
2020-03-31 12:00:00,Confirmed,Weiz,82
2020-03-31 12:00:00,Confirmed,Wels_Stadt,51
2020-03-31 12:00:00,Confirmed,Wels-Land,65
2020-03-31 12:00:00,Confirmed,Wien_Stadt,1351
2020-03-31 12:00:00,Confirmed,Wiener_Neustadt_Land,26
2020-03-31 12:00:00,Confirmed,Wiener_Neustadt_Stadt,23
2020-03-31 12:00:00,Confirmed,Wolfsberg,28
2020-03-31 12:00:00,Confirmed,Zell_am_See,258
2020-03-31 12:00:00,Confirmed,Zwettl,25
2020-03-31 16:00:00,Confirmed,Baden,89
2020-03-31 16:00:00,Confirmed,Bludenz,200
2020-03-31 16:00:00,Confirmed,Braunau_am_Inn,45
2020-03-31 16:00:00,Confirmed,Bregenz,162
2020-03-31 16:00:00,Confirmed,Bruck_an_der_Leitha,51
2020-03-31 16:00:00,Confirmed,Bruck-Mürzzuschlag,40
2020-03-31 16:00:00,Confirmed,Deutschlandsberg,23
2020-03-31 16:00:00,Confirmed,Dornbirn,110
2020-03-31 16:00:00,Confirmed,Eferding,31
2020-03-31 16:00:00,Confirmed,Eisenstadt_Stadt,11
2020-03-31 16:00:00,Confirmed,Eisenstadt-Umgebung,13
2020-03-31 16:00:00,Confirmed,Feldkirch,174
2020-03-31 16:00:00,Confirmed,Feldkirchen,11
2020-03-31 16:00:00,Confirmed,Freistadt,86
2020-03-31 16:00:00,Confirmed,Gänserndorf,49
2020-03-31 16:00:00,Confirmed,Gmünd,6
2020-03-31 16:00:00,Confirmed,Gmunden,52
2020-03-31 16:00:00,Confirmed,Graz_Stadt,258
2020-03-31 16:00:00,Confirmed,Graz-Umgebung,100
2020-03-31 16:00:00,Confirmed,Grieskirchen,46
2020-03-31 16:00:00,Confirmed,Gröbming,28
2020-03-31 16:00:00,Confirmed,Güssing,10
2020-03-31 16:00:00,Confirmed,Hallein,52
2020-03-31 16:00:00,Confirmed,Hartberg-Fürstenfeld,201
2020-03-31 16:00:00,Confirmed,Hermagor,1
2020-03-31 16:00:00,Confirmed,Hollabrunn,15
2020-03-31 16:00:00,Confirmed,Horn,15
2020-03-31 16:00:00,Confirmed,Imst,192
2020-03-31 16:00:00,Confirmed,Innsbruck-Land,288
2020-03-31 16:00:00,Confirmed,Innsbruck-Stadt,304
2020-03-31 16:00:00,Confirmed,Jennersdorf,7
2020-03-31 16:00:00,Confirmed,Kirchdorf_an_der_Krems,33
2020-03-31 16:00:00,Confirmed,Kitzbühel,248
2020-03-31 16:00:00,Confirmed,Klagenfurt_Land,32
2020-03-31 16:00:00,Confirmed,Klagenfurt_Stadt,53
2020-03-31 16:00:00,Confirmed,Korneuburg,108
2020-03-31 16:00:00,Confirmed,Krems_an_der_Donau_Stadt,24
2020-03-31 16:00:00,Confirmed,Krems_Land,100
2020-03-31 16:00:00,Confirmed,Kufstein,312
2020-03-31 16:00:00,Confirmed,Landeck,643
2020-03-31 16:00:00,Confirmed,Leibnitz,129
2020-03-31 16:00:00,Confirmed,Leoben,20
2020-03-31 16:00:00,Confirmed,Lienz,95
2020-03-31 16:00:00,Confirmed,Liezen,29
2020-03-31 16:00:00,Confirmed,Lilienfeld,29
2020-03-31 16:00:00,Confirmed,Linz_Stadt,205
2020-03-31 16:00:00,Confirmed,Linz-Land,139
2020-03-31 16:00:00,Confirmed,Mattersburg,22
2020-03-31 16:00:00,Confirmed,Melk,97
2020-03-31 16:00:00,Confirmed,Mistelbach,83
2020-03-31 16:00:00,Confirmed,Mödling,111
2020-03-31 16:00:00,Confirmed,Murau,3
2020-03-31 16:00:00,Confirmed,Murtal,25
2020-03-31 16:00:00,Confirmed,Neunkirchen,130
2020-03-31 16:00:00,Confirmed,Neusiedl_am_See,43
2020-03-31 16:00:00,Confirmed,Oberpullendorf,15
2020-03-31 16:00:00,Confirmed,Oberwart,61
2020-03-31 16:00:00,Confirmed,Perg,221
2020-03-31 16:00:00,Confirmed,Reutte,42
2020-03-31 16:00:00,Confirmed,Ried_im_Innkreis,21
2020-03-31 16:00:00,Confirmed,Rohrbach,109
2020-03-31 16:00:00,Confirmed,Salzburg_Stadt,111
2020-03-31 16:00:00,Confirmed,Salzburg-Umgebung,141
2020-03-31 16:00:00,Confirmed,Sankt_Johann_im_Pongau,340
2020-03-31 16:00:00,Confirmed,Sankt_Pölten_Land,177
2020-03-31 16:00:00,Confirmed,Sankt_Pölten_Stadt,58
2020-03-31 16:00:00,Confirmed,Sankt_Veit_an_der_Glan,32
2020-03-31 16:00:00,Confirmed,Schärding,43
2020-03-31 16:00:00,Confirmed,Scheibbs,81
2020-03-31 16:00:00,Confirmed,Schwaz,210
2020-03-31 16:00:00,Confirmed,Spittal_an_der_Drau,25
2020-03-31 16:00:00,Confirmed,Steyr_Stadt,31
2020-03-31 16:00:00,Confirmed,Steyr-Land,111
2020-03-31 16:00:00,Confirmed,Südoststeiermark,38
2020-03-31 16:00:00,Confirmed,Tamsweg,15
2020-03-31 16:00:00,Confirmed,Tulln,111
2020-03-31 16:00:00,Confirmed,Urfahr-Umgebung,222
2020-03-31 16:00:00,Confirmed,Villach_Land,34
2020-03-31 16:00:00,Confirmed,Villach_Stadt,14
2020-03-31 16:00:00,Confirmed,Vöcklabruck,87
2020-03-31 16:00:00,Confirmed,Voitsberg,73
2020-03-31 16:00:00,Confirmed,Völkermarkt,43
2020-03-31 16:00:00,Confirmed,Waidhofen_an_der_Thaya,13
2020-03-31 16:00:00,Confirmed,Waidhofen_an_der_Ybbs_Stadt,20
2020-03-31 16:00:00,Confirmed,Weiz,82
2020-03-31 16:00:00,Confirmed,Wels_Stadt,51
2020-03-31 16:00:00,Confirmed,Wels-Land,66
2020-03-31 16:00:00,Confirmed,Wien_Stadt,1390
2020-03-31 16:00:00,Confirmed,Wiener_Neustadt_Land,28
2020-03-31 16:00:00,Confirmed,Wiener_Neustadt_Stadt,27
2020-03-31 16:00:00,Confirmed,Wolfsberg,28
2020-03-31 16:00:00,Confirmed,Zell_am_See,258
2020-03-31 16:00:00,Confirmed,Zwettl,25
2020-04-01 12:00:00,Confirmed,Baden,92
2020-04-01 12:00:00,Confirmed,Bludenz,203
2020-04-01 12:00:00,Confirmed,Braunau_am_Inn,54
2020-04-01 12:00:00,Confirmed,Bregenz,172
2020-04-01 12:00:00,Confirmed,Bruck_an_der_Leitha,52
2020-04-01 12:00:00,Confirmed,Bruck-Mürzzuschlag,40
2020-04-01 12:00:00,Confirmed,Deutschlandsberg,25
2020-04-01 12:00:00,Confirmed,Dornbirn,115
2020-04-01 12:00:00,Confirmed,Eferding,32
2020-04-01 12:00:00,Confirmed,Eisenstadt_Stadt,11
2020-04-01 12:00:00,Confirmed,Eisenstadt-Umgebung,14
2020-04-01 12:00:00,Confirmed,Feldkirch,176
2020-04-01 12:00:00,Confirmed,Feldkirchen,8
2020-04-01 12:00:00,Confirmed,Freistadt,88
2020-04-01 12:00:00,Confirmed,Gänserndorf,49
2020-04-01 12:00:00,Confirmed,Gmünd,6
2020-04-01 12:00:00,Confirmed,Gmunden,53
2020-04-01 12:00:00,Confirmed,Graz_Stadt,271
2020-04-01 12:00:00,Confirmed,Graz-Umgebung,102
2020-04-01 12:00:00,Confirmed,Grieskirchen,50
2020-04-01 12:00:00,Confirmed,Gröbming,28
2020-04-01 12:00:00,Confirmed,Güssing,10
2020-04-01 12:00:00,Confirmed,Hallein,51
2020-04-01 12:00:00,Confirmed,Hartberg-Fürstenfeld,206
2020-04-01 12:00:00,Confirmed,Hermagor,1
2020-04-01 12:00:00,Confirmed,Hollabrunn,14
2020-04-01 12:00:00,Confirmed,Horn,15
2020-04-01 12:00:00,Confirmed,Imst,209
2020-04-01 12:00:00,Confirmed,Innsbruck-Land,291
2020-04-01 12:00:00,Confirmed,Innsbruck-Stadt,305
2020-04-01 12:00:00,Confirmed,Jennersdorf,7
2020-04-01 12:00:00,Confirmed,Kirchdorf_an_der_Krems,33
2020-04-01 12:00:00,Confirmed,Kitzbühel,254
2020-04-01 12:00:00,Confirmed,Klagenfurt_Land,33
2020-04-01 12:00:00,Confirmed,Klagenfurt_Stadt,56
2020-04-01 12:00:00,Confirmed,Korneuburg,111
2020-04-01 12:00:00,Confirmed,Krems_an_der_Donau_Stadt,24
2020-04-01 12:00:00,Confirmed,Krems_Land,101
2020-04-01 12:00:00,Confirmed,Kufstein,325
2020-04-01 12:00:00,Confirmed,Landeck,658
2020-04-01 12:00:00,Confirmed,Leibnitz,133
2020-04-01 12:00:00,Confirmed,Leoben,20
2020-04-01 12:00:00,Confirmed,Lienz,102
2020-04-01 12:00:00,Confirmed,Liezen,32
2020-04-01 12:00:00,Confirmed,Lilienfeld,31
2020-04-01 12:00:00,Confirmed,Linz_Stadt,214
2020-04-01 12:00:00,Confirmed,Linz-Land,153
2020-04-01 12:00:00,Confirmed,Mattersburg,22
2020-04-01 12:00:00,Confirmed,Melk,102
2020-04-01 12:00:00,Confirmed,Mistelbach,85
2020-04-01 12:00:00,Confirmed,Mödling,116
2020-04-01 12:00:00,Confirmed,Murau,3
2020-04-01 12:00:00,Confirmed,Murtal,26
2020-04-01 12:00:00,Confirmed,Neunkirchen,135
2020-04-01 12:00:00,Confirmed,Neusiedl_am_See,44
2020-04-01 12:00:00,Confirmed,Oberpullendorf,16
2020-04-01 12:00:00,Confirmed,Oberwart,63
2020-04-01 12:00:00,Confirmed,Perg,227
2020-04-01 12:00:00,Confirmed,Reutte,43
2020-04-01 12:00:00,Confirmed,Ried_im_Innkreis,22
2020-04-01 12:00:00,Confirmed,Rohrbach,109
2020-04-01 12:00:00,Confirmed,Salzburg_Stadt,112
2020-04-01 12:00:00,Confirmed,Salzburg-Umgebung,149
2020-04-01 12:00:00,Confirmed,Sankt_Johann_im_Pongau,353
2020-04-01 12:00:00,Confirmed,Sankt_Pölten_Land,185
2020-04-01 12:00:00,Confirmed,Sankt_Pölten_Stadt,58
2020-04-01 12:00:00,Confirmed,Sankt_Veit_an_der_Glan,33
2020-04-01 12:00:00,Confirmed,Schärding,43
2020-04-01 12:00:00,Confirmed,Scheibbs,87
2020-04-01 12:00:00,Confirmed,Schwaz,217
2020-04-01 12:00:00,Confirmed,Spittal_an_der_Drau,30
2020-04-01 12:00:00,Confirmed,Steyr_Stadt,34
2020-04-01 12:00:00,Confirmed,Steyr-Land,115
2020-04-01 12:00:00,Confirmed,Südoststeiermark,38
2020-04-01 12:00:00,Confirmed,Tamsweg,16
2020-04-01 12:00:00,Confirmed,Tulln,115
2020-04-01 12:00:00,Confirmed,Urfahr-Umgebung,227
2020-04-01 12:00:00,Confirmed,Villach_Land,37
2020-04-01 12:00:00,Confirmed,Villach_Stadt,14
2020-04-01 12:00:00,Confirmed,Vöcklabruck,91
2020-04-01 12:00:00,Confirmed,Voitsberg,75
2020-04-01 12:00:00,Confirmed,Völkermarkt,44
2020-04-01 12:00:00,Confirmed,Waidhofen_an_der_Thaya,13
2020-04-01 12:00:00,Confirmed,Waidhofen_an_der_Ybbs_Stadt,22
2020-04-01 12:00:00,Confirmed,Weiz,86
2020-04-01 12:00:00,Confirmed,Wels_Stadt,51
2020-04-01 12:00:00,Confirmed,Wels-Land,66
2020-04-01 12:00:00,Confirmed,Wien_Stadt,1461
2020-04-01 12:00:00,Confirmed,Wiener_Neustadt_Land,28
2020-04-01 12:00:00,Confirmed,Wiener_Neustadt_Stadt,28
2020-04-01 12:00:00,Confirmed,Wolfsberg,33
2020-04-01 12:00:00,Confirmed,Zell_am_See,269
2020-04-01 12:00:00,Confirmed,Zwettl,26
2020-04-01 16:00:00,Confirmed,Baden,92
2020-04-01 16:00:00,Confirmed,Bludenz,204
2020-04-01 16:00:00,Confirmed,Braunau_am_Inn,55
2020-04-01 16:00:00,Confirmed,Bregenz,172
2020-04-01 16:00:00,Confirmed,Bruck_an_der_Leitha,52
2020-04-01 16:00:00,Confirmed,Bruck-Mürzzuschlag,40
2020-04-01 16:00:00,Confirmed,Deutschlandsberg,26
2020-04-01 16:00:00,Confirmed,Dornbirn,117
2020-04-01 16:00:00,Confirmed,Eferding,34
2020-04-01 16:00:00,Confirmed,Eisenstadt_Stadt,11
2020-04-01 16:00:00,Confirmed,Eisenstadt-Umgebung,14
2020-04-01 16:00:00,Confirmed,Feldkirch,176
2020-04-01 16:00:00,Confirmed,Feldkirchen,7
2020-04-01 16:00:00,Confirmed,Freistadt,88
2020-04-01 16:00:00,Confirmed,Gänserndorf,50
2020-04-01 16:00:00,Confirmed,Gmünd,6
2020-04-01 16:00:00,Confirmed,Gmunden,53
2020-04-01 16:00:00,Confirmed,Graz_Stadt,277
2020-04-01 16:00:00,Confirmed,Graz-Umgebung,109
2020-04-01 16:00:00,Confirmed,Grieskirchen,50
2020-04-01 16:00:00,Confirmed,Gröbming,28
2020-04-01 16:00:00,Confirmed,Güssing,10
2020-04-01 16:00:00,Confirmed,Hallein,51
2020-04-01 16:00:00,Confirmed,Hartberg-Fürstenfeld,210
2020-04-01 16:00:00,Confirmed,Hermagor,1
2020-04-01 16:00:00,Confirmed,Hollabrunn,14
2020-04-01 16:00:00,Confirmed,Horn,15
2020-04-01 16:00:00,Confirmed,Imst,209
2020-04-01 16:00:00,Confirmed,Innsbruck-Land,291
2020-04-01 16:00:00,Confirmed,Innsbruck-Stadt,310
2020-04-01 16:00:00,Confirmed,Jennersdorf,7
2020-04-01 16:00:00,Confirmed,Kirchdorf_an_der_Krems,33
2020-04-01 16:00:00,Confirmed,Kitzbühel,259
2020-04-01 16:00:00,Confirmed,Klagenfurt_Land,35
2020-04-01 16:00:00,Confirmed,Klagenfurt_Stadt,59
2020-04-01 16:00:00,Confirmed,Korneuburg,114
2020-04-01 16:00:00,Confirmed,Krems_an_der_Donau_Stadt,24
2020-04-01 16:00:00,Confirmed,Krems_Land,101
2020-04-01 16:00:00,Confirmed,Kufstein,330
2020-04-01 16:00:00,Confirmed,Landeck,660
2020-04-01 16:00:00,Confirmed,Leibnitz,143
2020-04-01 16:00:00,Confirmed,Leoben,19
2020-04-01 16:00:00,Confirmed,Lienz,102
2020-04-01 16:00:00,Confirmed,Liezen,34
2020-04-01 16:00:00,Confirmed,Lilienfeld,31
2020-04-01 16:00:00,Confirmed,Linz_Stadt,215
2020-04-01 16:00:00,Confirmed,Linz-Land,153
2020-04-01 16:00:00,Confirmed,Mattersburg,22
2020-04-01 16:00:00,Confirmed,Melk,101
2020-04-01 16:00:00,Confirmed,Mistelbach,86
2020-04-01 16:00:00,Confirmed,Mödling,114
2020-04-01 16:00:00,Confirmed,Murau,5
2020-04-01 16:00:00,Confirmed,Murtal,28
2020-04-01 16:00:00,Confirmed,Neunkirchen,135
2020-04-01 16:00:00,Confirmed,Neusiedl_am_See,45
2020-04-01 16:00:00,Confirmed,Oberpullendorf,15
2020-04-01 16:00:00,Confirmed,Oberwart,64
2020-04-01 16:00:00,Confirmed,Perg,227
2020-04-01 16:00:00,Confirmed,Reutte,43
2020-04-01 16:00:00,Confirmed,Ried_im_Innkreis,24
2020-04-01 16:00:00,Confirmed,Rohrbach,109
2020-04-01 16:00:00,Confirmed,Salzburg_Stadt,112
2020-04-01 16:00:00,Confirmed,Salzburg-Umgebung,149
2020-04-01 16:00:00,Confirmed,Sankt_Johann_im_Pongau,356
2020-04-01 16:00:00,Confirmed,Sankt_Pölten_Land,185
2020-04-01 16:00:00,Confirmed,Sankt_Pölten_Stadt,58
2020-04-01 16:00:00,Confirmed,Sankt_Veit_an_der_Glan,34
2020-04-01 16:00:00,Confirmed,Schärding,43
2020-04-01 16:00:00,Confirmed,Scheibbs,87
2020-04-01 16:00:00,Confirmed,Schwaz,218
2020-04-01 16:00:00,Confirmed,Spittal_an_der_Drau,30
2020-04-01 16:00:00,Confirmed,Steyr_Stadt,34
2020-04-01 16:00:00,Confirmed,Steyr-Land,115
2020-04-01 16:00:00,Confirmed,Südoststeiermark,38
2020-04-01 16:00:00,Confirmed,Tamsweg,16
2020-04-01 16:00:00,Confirmed,Tulln,115
2020-04-01 16:00:00,Confirmed,Urfahr-Umgebung,227
2020-04-01 16:00:00,Confirmed,Villach_Land,38
2020-04-01 16:00:00,Confirmed,Villach_Stadt,14
2020-04-01 16:00:00,Confirmed,Vöcklabruck,91
2020-04-01 16:00:00,Confirmed,Voitsberg,75
2020-04-01 16:00:00,Confirmed,Völkermarkt,44
2020-04-01 16:00:00,Confirmed,Waidhofen_an_der_Thaya,13
2020-04-01 16:00:00,Confirmed,Waidhofen_an_der_Ybbs_Stadt,22
2020-04-01 16:00:00,Confirmed,Weiz,87
2020-04-01 16:00:00,Confirmed,Wels_Stadt,54
2020-04-01 16:00:00,Confirmed,Wels-Land,66
2020-04-01 16:00:00,Confirmed,Wien_Stadt,1497
2020-04-01 16:00:00,Confirmed,Wiener_Neustadt_Land,29
2020-04-01 16:00:00,Confirmed,Wiener_Neustadt_Stadt,28
2020-04-01 16:00:00,Confirmed,Wolfsberg,32
2020-04-01 16:00:00,Confirmed,Zell_am_See,271
2020-04-01 16:00:00,Confirmed,Zwettl,26
2020-04-02 12:00:00,Confirmed,Baden,93
2020-04-02 12:00:00,Confirmed,Bludenz,206
2020-04-02 12:00:00,Confirmed,Braunau_am_Inn,64
2020-04-02 12:00:00,Confirmed,Bregenz,176
2020-04-02 12:00:00,Confirmed,Bruck_an_der_Leitha,53
2020-04-02 12:00:00,Confirmed,Bruck-Mürzzuschlag,40
2020-04-02 12:00:00,Confirmed,Deutschlandsberg,27
2020-04-02 12:00:00,Confirmed,Dornbirn,119
2020-04-02 12:00:00,Confirmed,Eferding,35
2020-04-02 12:00:00,Confirmed,Eisenstadt_Stadt,11
2020-04-02 12:00:00,Confirmed,Eisenstadt-Umgebung,14
2020-04-02 12:00:00,Confirmed,Feldkirch,179
2020-04-02 12:00:00,Confirmed,Feldkirchen,8
2020-04-02 12:00:00,Confirmed,Freistadt,92
2020-04-02 12:00:00,Confirmed,Gänserndorf,53
2020-04-02 12:00:00,Confirmed,Gmünd,6
2020-04-02 12:00:00,Confirmed,Gmunden,55
2020-04-02 12:00:00,Confirmed,Graz_Stadt,280
2020-04-02 12:00:00,Confirmed,Graz-Umgebung,106
2020-04-02 12:00:00,Confirmed,Grieskirchen,52
2020-04-02 12:00:00,Confirmed,Gröbming,28
2020-04-02 12:00:00,Confirmed,Güssing,11
2020-04-02 12:00:00,Confirmed,Hallein,55
2020-04-02 12:00:00,Confirmed,Hartberg-Fürstenfeld,220
2020-04-02 12:00:00,Confirmed,Hermagor,1
2020-04-02 12:00:00,Confirmed,Hollabrunn,14
2020-04-02 12:00:00,Confirmed,Horn,16
2020-04-02 12:00:00,Confirmed,Imst,217
2020-04-02 12:00:00,Confirmed,Innsbruck-Land,310
2020-04-02 12:00:00,Confirmed,Innsbruck-Stadt,315
2020-04-02 12:00:00,Confirmed,Jennersdorf,8
2020-04-02 12:00:00,Confirmed,Kirchdorf_an_der_Krems,35
2020-04-02 12:00:00,Confirmed,Kitzbühel,272
2020-04-02 12:00:00,Confirmed,Klagenfurt_Land,34
2020-04-02 12:00:00,Confirmed,Klagenfurt_Stadt,60
2020-04-02 12:00:00,Confirmed,Korneuburg,117
2020-04-02 12:00:00,Confirmed,Krems_an_der_Donau_Stadt,24
2020-04-02 12:00:00,Confirmed,Krems_Land,104
2020-04-02 12:00:00,Confirmed,Kufstein,343
2020-04-02 12:00:00,Confirmed,Landeck,683
2020-04-02 12:00:00,Confirmed,Leibnitz,143
2020-04-02 12:00:00,Confirmed,Leoben,20
2020-04-02 12:00:00,Confirmed,Lienz,108
2020-04-02 12:00:00,Confirmed,Liezen,36
2020-04-02 12:00:00,Confirmed,Lilienfeld,32
2020-04-02 12:00:00,Confirmed,Linz_Stadt,231
2020-04-02 12:00:00,Confirmed,Linz-Land,166
2020-04-02 12:00:00,Confirmed,Mattersburg,29
2020-04-02 12:00:00,Confirmed,Melk,105
2020-04-02 12:00:00,Confirmed,Mistelbach,90
2020-04-02 12:00:00,Confirmed,Mödling,116
2020-04-02 12:00:00,Confirmed,Murau,5
2020-04-02 12:00:00,Confirmed,Murtal,29
2020-04-02 12:00:00,Confirmed,Neunkirchen,139
2020-04-02 12:00:00,Confirmed,Neusiedl_am_See,45
2020-04-02 12:00:00,Confirmed,Oberpullendorf,15
2020-04-02 12:00:00,Confirmed,Oberwart,68
2020-04-02 12:00:00,Confirmed,Perg,234
2020-04-02 12:00:00,Confirmed,Reutte,44
2020-04-02 12:00:00,Confirmed,Ried_im_Innkreis,26
2020-04-02 12:00:00,Confirmed,Rohrbach,118
2020-04-02 12:00:00,Confirmed,Salzburg_Stadt,118
2020-04-02 12:00:00,Confirmed,Salzburg-Umgebung,151
2020-04-02 12:00:00,Confirmed,Sankt_Johann_im_Pongau,367
2020-04-02 12:00:00,Confirmed,Sankt_Pölten_Land,194
2020-04-02 12:00:00,Confirmed,Sankt_Pölten_Stadt,59
2020-04-02 12:00:00,Confirmed,Sankt_Veit_an_der_Glan,35
2020-04-02 12:00:00,Confirmed,Schärding,45
2020-04-02 12:00:00,Confirmed,Scheibbs,89
2020-04-02 12:00:00,Confirmed,Schwaz,227
2020-04-02 12:00:00,Confirmed,Spittal_an_der_Drau,31
2020-04-02 12:00:00,Confirmed,Steyr_Stadt,34
2020-04-02 12:00:00,Confirmed,Steyr-Land,120
2020-04-02 12:00:00,Confirmed,Südoststeiermark,38
2020-04-02 12:00:00,Confirmed,Tamsweg,16
2020-04-02 12:00:00,Confirmed,Tulln,117
2020-04-02 12:00:00,Confirmed,Urfahr-Umgebung,238
2020-04-02 12:00:00,Confirmed,Villach_Land,39
2020-04-02 12:00:00,Confirmed,Villach_Stadt,14
2020-04-02 12:00:00,Confirmed,Vöcklabruck,93
2020-04-02 12:00:00,Confirmed,Voitsberg,75
2020-04-02 12:00:00,Confirmed,Völkermarkt,44
2020-04-02 12:00:00,Confirmed,Waidhofen_an_der_Thaya,14
2020-04-02 12:00:00,Confirmed,Waidhofen_an_der_Ybbs_Stadt,22
2020-04-02 12:00:00,Confirmed,Weiz,88
2020-04-02 12:00:00,Confirmed,Wels_Stadt,54
2020-04-02 12:00:00,Confirmed,Wels-Land,67
2020-04-02 12:00:00,Confirmed,Wien_Stadt,1560
2020-04-02 12:00:00,Confirmed,Wiener_Neustadt_Land,28
2020-04-02 12:00:00,Confirmed,Wiener_Neustadt_Stadt,28
2020-04-02 12:00:00,Confirmed,Wolfsberg,31
2020-04-02 12:00:00,Confirmed,Zell_am_See,286
2020-04-02 12:00:00,Confirmed,Zwettl,29
2020-04-02 16:00:00,Confirmed,Baden,93
2020-04-02 16:00:00,Confirmed,Bludenz,207
2020-04-02 16:00:00,Confirmed,Braunau_am_Inn,65
2020-04-02 16:00:00,Confirmed,Bregenz,179
2020-04-02 16:00:00,Confirmed,Bruck_an_der_Leitha,53
2020-04-02 16:00:00,Confirmed,Bruck-Mürzzuschlag,41
2020-04-02 16:00:00,Confirmed,Deutschlandsberg,28
2020-04-02 16:00:00,Confirmed,Dornbirn,119
2020-04-02 16:00:00,Confirmed,Eferding,36
2020-04-02 16:00:00,Confirmed,Eisenstadt_Stadt,11
2020-04-02 16:00:00,Confirmed,Eisenstadt-Umgebung,14
2020-04-02 16:00:00,Confirmed,Feldkirch,180
2020-04-02 16:00:00,Confirmed,Feldkirchen,8
2020-04-02 16:00:00,Confirmed,Freistadt,93
2020-04-02 16:00:00,Confirmed,Gänserndorf,53
2020-04-02 16:00:00,Confirmed,Gmünd,6
2020-04-02 16:00:00,Confirmed,Gmunden,55
2020-04-02 16:00:00,Confirmed,Graz_Stadt,286
2020-04-02 16:00:00,Confirmed,Graz-Umgebung,111
2020-04-02 16:00:00,Confirmed,Grieskirchen,57
2020-04-02 16:00:00,Confirmed,Gröbming,28
2020-04-02 16:00:00,Confirmed,Güssing,11
2020-04-02 16:00:00,Confirmed,Hallein,56
2020-04-02 16:00:00,Confirmed,Hartberg-Fürstenfeld,221
2020-04-02 16:00:00,Confirmed,Hermagor,1
2020-04-02 16:00:00,Confirmed,Hollabrunn,14
2020-04-02 16:00:00,Confirmed,Horn,16
2020-04-02 16:00:00,Confirmed,Imst,217
2020-04-02 16:00:00,Confirmed,Innsbruck-Land,310
2020-04-02 16:00:00,Confirmed,Innsbruck-Stadt,326
2020-04-02 16:00:00,Confirmed,Jennersdorf,8
2020-04-02 16:00:00,Confirmed,Kirchdorf_an_der_Krems,36
2020-04-02 16:00:00,Confirmed,Kitzbühel,272
2020-04-02 16:00:00,Confirmed,Klagenfurt_Land,35
2020-04-02 16:00:00,Confirmed,Klagenfurt_Stadt,57
2020-04-02 16:00:00,Confirmed,Korneuburg,117
2020-04-02 16:00:00,Confirmed,Krems_an_der_Donau_Stadt,25
2020-04-02 16:00:00,Confirmed,Krems_Land,104
2020-04-02 16:00:00,Confirmed,Kufstein,343
2020-04-02 16:00:00,Confirmed,Landeck,682
2020-04-02 16:00:00,Confirmed,Leibnitz,148
2020-04-02 16:00:00,Confirmed,Leoben,22
2020-04-02 16:00:00,Confirmed,Lienz,108
2020-04-02 16:00:00,Confirmed,Liezen,36
2020-04-02 16:00:00,Confirmed,Lilienfeld,34
2020-04-02 16:00:00,Confirmed,Linz_Stadt,238
2020-04-02 16:00:00,Confirmed,Linz-Land,171
2020-04-02 16:00:00,Confirmed,Mattersburg,29
2020-04-02 16:00:00,Confirmed,Melk,105
2020-04-02 16:00:00,Confirmed,Mistelbach,90
2020-04-02 16:00:00,Confirmed,Mödling,116
2020-04-02 16:00:00,Confirmed,Murau,5
2020-04-02 16:00:00,Confirmed,Murtal,31
2020-04-02 16:00:00,Confirmed,Neunkirchen,139
2020-04-02 16:00:00,Confirmed,Neusiedl_am_See,45
2020-04-02 16:00:00,Confirmed,Oberpullendorf,15
2020-04-02 16:00:00,Confirmed,Oberwart,68
2020-04-02 16:00:00,Confirmed,Perg,234
2020-04-02 16:00:00,Confirmed,Reutte,44
2020-04-02 16:00:00,Confirmed,Ried_im_Innkreis,27
2020-04-02 16:00:00,Confirmed,Rohrbach,118
2020-04-02 16:00:00,Confirmed,Salzburg_Stadt,119
2020-04-02 16:00:00,Confirmed,Salzburg-Umgebung,151
2020-04-02 16:00:00,Confirmed,Sankt_Johann_im_Pongau,366
2020-04-02 16:00:00,Confirmed,Sankt_Pölten_Land,197
2020-04-02 16:00:00,Confirmed,Sankt_Pölten_Stadt,57
2020-04-02 16:00:00,Confirmed,Sankt_Veit_an_der_Glan,36
2020-04-02 16:00:00,Confirmed,Schärding,45
2020-04-02 16:00:00,Confirmed,Scheibbs,89
2020-04-02 16:00:00,Confirmed,Schwaz,235
2020-04-02 16:00:00,Confirmed,Spittal_an_der_Drau,31
2020-04-02 16:00:00,Confirmed,Steyr_Stadt,36
2020-04-02 16:00:00,Confirmed,Steyr-Land,120
2020-04-02 16:00:00,Confirmed,Südoststeiermark,40
2020-04-02 16:00:00,Confirmed,Tamsweg,16
2020-04-02 16:00:00,Confirmed,Tulln,118
2020-04-02 16:00:00,Confirmed,Urfahr-Umgebung,239
2020-04-02 16:00:00,Confirmed,Villach_Land,41
2020-04-02 16:00:00,Confirmed,Villach_Stadt,15
2020-04-02 16:00:00,Confirmed,Vöcklabruck,94
2020-04-02 16:00:00,Confirmed,Voitsberg,75
2020-04-02 16:00:00,Confirmed,Völkermarkt,45
2020-04-02 16:00:00,Confirmed,Waidhofen_an_der_Thaya,14
2020-04-02 16:00:00,Confirmed,Waidhofen_an_der_Ybbs_Stadt,22
2020-04-02 16:00:00,Confirmed,Weiz,89
2020-04-02 16:00:00,Confirmed,Wels_Stadt,54
2020-04-02 16:00:00,Confirmed,Wels-Land,68
2020-04-02 16:00:00,Confirmed,Wien_Stadt,1593
2020-04-02 16:00:00,Confirmed,Wiener_Neustadt_Land,29
2020-04-02 16:00:00,Confirmed,Wiener_Neustadt_Stadt,28
2020-04-02 16:00:00,Confirmed,Wolfsberg,31
2020-04-02 16:00:00,Confirmed,Zell_am_See,287
2020-04-02 16:00:00,Confirmed,Zwettl,29
2020-04-03 11:00:00,Confirmed,Baden,95
2020-04-03 11:00:00,Confirmed,Bludenz,210
2020-04-03 11:00:00,Confirmed,Braunau_am_Inn,71
2020-04-03 11:00:00,Confirmed,Bregenz,185
2020-04-03 11:00:00,Confirmed,Bruck_an_der_Leitha,56
2020-04-03 11:00:00,Confirmed,Bruck-Mürzzuschlag,41
2020-04-03 11:00:00,Confirmed,Deutschlandsberg,28
2020-04-03 11:00:00,Confirmed,Dornbirn,121
2020-04-03 11:00:00,Confirmed,Eferding,36
2020-04-03 11:00:00,Confirmed,Eisenstadt_Stadt,12
2020-04-03 11:00:00,Confirmed,Eisenstadt-Umgebung,14
2020-04-03 11:00:00,Confirmed,Feldkirch,181
2020-04-03 11:00:00,Confirmed,Feldkirchen,8
2020-04-03 11:00:00,Confirmed,Freistadt,95
2020-04-03 11:00:00,Confirmed,Gänserndorf,58
2020-04-03 11:00:00,Confirmed,Gmünd,6
2020-04-03 11:00:00,Confirmed,Gmunden,56
2020-04-03 11:00:00,Confirmed,Graz_Stadt,305
2020-04-03 11:00:00,Confirmed,Graz-Umgebung,106
2020-04-03 11:00:00,Confirmed,Grieskirchen,58
2020-04-03 11:00:00,Confirmed,Gröbming,29
2020-04-03 11:00:00,Confirmed,Güssing,12
2020-04-03 11:00:00,Confirmed,Hallein,57
2020-04-03 11:00:00,Confirmed,Hartberg-Fürstenfeld,221
2020-04-03 11:00:00,Confirmed,Hermagor,1
2020-04-03 11:00:00,Confirmed,Hollabrunn,14
2020-04-03 11:00:00,Confirmed,Horn,18
2020-04-03 11:00:00,Confirmed,Imst,217
2020-04-03 11:00:00,Confirmed,Innsbruck-Land,310
2020-04-03 11:00:00,Confirmed,Innsbruck-Stadt,328
2020-04-03 11:00:00,Confirmed,Jennersdorf,8
2020-04-03 11:00:00,Confirmed,Kirchdorf_an_der_Krems,35
2020-04-03 11:00:00,Confirmed,Kitzbühel,284
2020-04-03 11:00:00,Confirmed,Klagenfurt_Land,35
2020-04-03 11:00:00,Confirmed,Klagenfurt_Stadt,58
2020-04-03 11:00:00,Confirmed,Korneuburg,122
2020-04-03 11:00:00,Confirmed,Krems_an_der_Donau_Stadt,26
2020-04-03 11:00:00,Confirmed,Krems_Land,109
2020-04-03 11:00:00,Confirmed,Kufstein,354
2020-04-03 11:00:00,Confirmed,Landeck,690
2020-04-03 11:00:00,Confirmed,Leibnitz,148
2020-04-03 11:00:00,Confirmed,Leoben,22
2020-04-03 11:00:00,Confirmed,Lienz,108
2020-04-03 11:00:00,Confirmed,Liezen,38
2020-04-03 11:00:00,Confirmed,Lilienfeld,35
2020-04-03 11:00:00,Confirmed,Linz_Stadt,239
2020-04-03 11:00:00,Confirmed,Linz-Land,172
2020-04-03 11:00:00,Confirmed,Mattersburg,29
2020-04-03 11:00:00,Confirmed,Melk,110
2020-04-03 11:00:00,Confirmed,Mistelbach,92
2020-04-03 11:00:00,Confirmed,Mödling,120
2020-04-03 11:00:00,Confirmed,Murau,5
2020-04-03 11:00:00,Confirmed,Murtal,31
2020-04-03 11:00:00,Confirmed,Neunkirchen,147
2020-04-03 11:00:00,Confirmed,Neusiedl_am_See,46
2020-04-03 11:00:00,Confirmed,Oberpullendorf,16
2020-04-03 11:00:00,Confirmed,Oberwart,69
2020-04-03 11:00:00,Confirmed,Perg,234
2020-04-03 11:00:00,Confirmed,Reutte,44
2020-04-03 11:00:00,Confirmed,Ried_im_Innkreis,28
2020-04-03 11:00:00,Confirmed,Rohrbach,120
2020-04-03 11:00:00,Confirmed,Salzburg_Stadt,121
2020-04-03 11:00:00,Confirmed,Salzburg-Umgebung,156
2020-04-03 11:00:00,Confirmed,Sankt_Johann_im_Pongau,377
2020-04-03 11:00:00,Confirmed,Sankt_Pölten_Land,202
2020-04-03 11:00:00,Confirmed,Sankt_Pölten_Stadt,56
2020-04-03 11:00:00,Confirmed,Sankt_Veit_an_der_Glan,37
2020-04-03 11:00:00,Confirmed,Schärding,47
2020-04-03 11:00:00,Confirmed,Scheibbs,91
2020-04-03 11:00:00,Confirmed,Schwaz,245
2020-04-03 11:00:00,Confirmed,Spittal_an_der_Drau,30
2020-04-03 11:00:00,Confirmed,Steyr_Stadt,36
2020-04-03 11:00:00,Confirmed,Steyr-Land,122
2020-04-03 11:00:00,Confirmed,Südoststeiermark,40
2020-04-03 11:00:00,Confirmed,Tamsweg,17
2020-04-03 11:00:00,Confirmed,Tulln,125
2020-04-03 11:00:00,Confirmed,Urfahr-Umgebung,244
2020-04-03 11:00:00,Confirmed,Villach_Land,41
2020-04-03 11:00:00,Confirmed,Villach_Stadt,15
2020-04-03 11:00:00,Confirmed,Vöcklabruck,95
2020-04-03 11:00:00,Confirmed,Voitsberg,75
2020-04-03 11:00:00,Confirmed,Völkermarkt,45
2020-04-03 11:00:00,Confirmed,Waidhofen_an_der_Thaya,14
2020-04-03 11:00:00,Confirmed,Waidhofen_an_der_Ybbs_Stadt,22
2020-04-03 11:00:00,Confirmed,Weiz,90
2020-04-03 11:00:00,Confirmed,Wels_Stadt,54
2020-04-03 11:00:00,Confirmed,Wels-Land,68
2020-04-03 11:00:00,Confirmed,Wien_Stadt,1625
2020-04-03 11:00:00,Confirmed,Wiener_Neustadt_Land,32
2020-04-03 11:00:00,Confirmed,Wiener_Neustadt_Stadt,28
2020-04-03 11:00:00,Confirmed,Wolfsberg,31
2020-04-03 11:00:00,Confirmed,Zell_am_See,305
2020-04-03 11:00:00,Confirmed,Zwettl,29
2020-04-03 16:00:00,Confirmed,Baden,95
2020-04-03 16:00:00,Confirmed,Bludenz,210
2020-04-03 16:00:00,Confirmed,Braunau_am_Inn,71
2020-04-03 16:00:00,Confirmed,Bregenz,190
2020-04-03 16:00:00,Confirmed,Bruck_an_der_Leitha,57
2020-04-03 16:00:00,Confirmed,Bruck-Mürzzuschlag,42
2020-04-03 16:00:00,Confirmed,Deutschlandsberg,30
2020-04-03 16:00:00,Confirmed,Dornbirn,122
2020-04-03 16:00:00,Confirmed,Eferding,36
2020-04-03 16:00:00,Confirmed,Eisenstadt_Stadt,12
2020-04-03 16:00:00,Confirmed,Eisenstadt-Umgebung,14
2020-04-03 16:00:00,Confirmed,Feldkirch,188
2020-04-03 16:00:00,Confirmed,Feldkirchen,9
2020-04-03 16:00:00,Confirmed,Freistadt,96
2020-04-03 16:00:00,Confirmed,Gänserndorf,58
2020-04-03 16:00:00,Confirmed,Gmünd,6
2020-04-03 16:00:00,Confirmed,Gmunden,57
2020-04-03 16:00:00,Confirmed,Graz_Stadt,316
2020-04-03 16:00:00,Confirmed,Graz-Umgebung,117
2020-04-03 16:00:00,Confirmed,Grieskirchen,60
2020-04-03 16:00:00,Confirmed,Gröbming,29
2020-04-03 16:00:00,Confirmed,Güssing,12
2020-04-03 16:00:00,Confirmed,Hallein,57
2020-04-03 16:00:00,Confirmed,Hartberg-Fürstenfeld,224
2020-04-03 16:00:00,Confirmed,Hollabrunn,14
2020-04-03 16:00:00,Confirmed,Horn,18
2020-04-03 16:00:00,Confirmed,Imst,218
2020-04-03 16:00:00,Confirmed,Innsbruck-Land,313
2020-04-03 16:00:00,Confirmed,Innsbruck-Stadt,337
2020-04-03 16:00:00,Confirmed,Jennersdorf,8
2020-04-03 16:00:00,Confirmed,Kirchdorf_an_der_Krems,36
2020-04-03 16:00:00,Confirmed,Kitzbühel,285
2020-04-03 16:00:00,Confirmed,Klagenfurt_Land,36
2020-04-03 16:00:00,Confirmed,Klagenfurt_Stadt,60
2020-04-03 16:00:00,Confirmed,Korneuburg,122
2020-04-03 16:00:00,Confirmed,Krems_an_der_Donau_Stadt,26
2020-04-03 16:00:00,Confirmed,Krems_Land,110
2020-04-03 16:00:00,Confirmed,Kufstein,355
2020-04-03 16:00:00,Confirmed,Landeck,690
2020-04-03 16:00:00,Confirmed,Leibnitz,148
2020-04-03 16:00:00,Confirmed,Leoben,23
2020-04-03 16:00:00,Confirmed,Lienz,108
2020-04-03 16:00:00,Confirmed,Liezen,38
2020-04-03 16:00:00,Confirmed,Lilienfeld,36
2020-04-03 16:00:00,Confirmed,Linz_Stadt,244
2020-04-03 16:00:00,Confirmed,Linz-Land,175
2020-04-03 16:00:00,Confirmed,Mattersburg,29
2020-04-03 16:00:00,Confirmed,Melk,111
2020-04-03 16:00:00,Confirmed,Mistelbach,92
2020-04-03 16:00:00,Confirmed,Mödling,121
2020-04-03 16:00:00,Confirmed,Murau,5
2020-04-03 16:00:00,Confirmed,Murtal,31
2020-04-03 16:00:00,Confirmed,Neunkirchen,147
2020-04-03 16:00:00,Confirmed,Neusiedl_am_See,46
2020-04-03 16:00:00,Confirmed,Oberpullendorf,16
2020-04-03 16:00:00,Confirmed,Oberwart,69
2020-04-03 16:00:00,Confirmed,Perg,234
2020-04-03 16:00:00,Confirmed,Reutte,44
2020-04-03 16:00:00,Confirmed,Ried_im_Innkreis,28
2020-04-03 16:00:00,Confirmed,Rohrbach,120
2020-04-03 16:00:00,Confirmed,Salzburg_Stadt,121
2020-04-03 16:00:00,Confirmed,Salzburg-Umgebung,160
2020-04-03 16:00:00,Confirmed,Sankt_Johann_im_Pongau,378
2020-04-03 16:00:00,Confirmed,Sankt_Pölten_Land,206
2020-04-03 16:00:00,Confirmed,Sankt_Pölten_Stadt,57
2020-04-03 16:00:00,Confirmed,Sankt_Veit_an_der_Glan,39
2020-04-03 16:00:00,Confirmed,Schärding,47
2020-04-03 16:00:00,Confirmed,Scheibbs,94
2020-04-03 16:00:00,Confirmed,Schwaz,251
2020-04-03 16:00:00,Confirmed,Spittal_an_der_Drau,31
2020-04-03 16:00:00,Confirmed,Steyr_Stadt,39
2020-04-03 16:00:00,Confirmed,Steyr-Land,126
2020-04-03 16:00:00,Confirmed,Südoststeiermark,40
2020-04-03 16:00:00,Confirmed,Tamsweg,17
2020-04-03 16:00:00,Confirmed,Tulln,125
2020-04-03 16:00:00,Confirmed,Urfahr-Umgebung,252
2020-04-03 16:00:00,Confirmed,Villach_Land,41
2020-04-03 16:00:00,Confirmed,Villach_Stadt,15
2020-04-03 16:00:00,Confirmed,Vöcklabruck,97
2020-04-03 16:00:00,Confirmed,Voitsberg,78
2020-04-03 16:00:00,Confirmed,Völkermarkt,45
2020-04-03 16:00:00,Confirmed,Waidhofen_an_der_Thaya,14
2020-04-03 16:00:00,Confirmed,Waidhofen_an_der_Ybbs_Stadt,22
2020-04-03 16:00:00,Confirmed,Weiz,91
2020-04-03 16:00:00,Confirmed,Wels_Stadt,55
2020-04-03 16:00:00,Confirmed,Wels-Land,70
2020-04-03 16:00:00,Confirmed,Wien_Stadt,1666
2020-04-03 16:00:00,Confirmed,Wiener_Neustadt_Land,32
2020-04-03 16:00:00,Confirmed,Wiener_Neustadt_Stadt,28
2020-04-03 16:00:00,Confirmed,Wolfsberg,31
2020-04-03 16:00:00,Confirmed,Zell_am_See,306
2020-04-03 16:00:00,Confirmed,Zwettl,29
2020-04-04 11:00:00,Confirmed,Baden,96
2020-04-04 11:00:00,Confirmed,Bludenz,211
2020-04-04 11:00:00,Confirmed,Braunau_am_Inn,79
2020-04-04 11:00:00,Confirmed,Bregenz,196
2020-04-04 11:00:00,Confirmed,Bruck_an_der_Leitha,58
2020-04-04 11:00:00,Confirmed,Bruck-Mürzzuschlag,42
2020-04-04 11:00:00,Confirmed,Deutschlandsberg,30
2020-04-04 11:00:00,Confirmed,Dornbirn,122
2020-04-04 11:00:00,Confirmed,Eferding,37
2020-04-04 11:00:00,Confirmed,Eisenstadt_Stadt,12
2020-04-04 11:00:00,Confirmed,Eisenstadt-Umgebung,16
2020-04-04 11:00:00,Confirmed,Feldkirch,189
2020-04-04 11:00:00,Confirmed,Feldkirchen,9
2020-04-04 11:00:00,Confirmed,Freistadt,98
2020-04-04 11:00:00,Confirmed,Gänserndorf,58
2020-04-04 11:00:00,Confirmed,Gmünd,6
2020-04-04 11:00:00,Confirmed,Gmunden,57
2020-04-04 11:00:00,Confirmed,Graz_Stadt,325
2020-04-04 11:00:00,Confirmed,Graz-Umgebung,118
2020-04-04 11:00:00,Confirmed,Grieskirchen,60
2020-04-04 11:00:00,Confirmed,Gröbming,29
2020-04-04 11:00:00,Confirmed,Güssing,13
2020-04-04 11:00:00,Confirmed,Hallein,57
2020-04-04 11:00:00,Confirmed,Hartberg-Fürstenfeld,231
2020-04-04 11:00:00,Confirmed,Hollabrunn,17
2020-04-04 11:00:00,Confirmed,Horn,22
2020-04-04 11:00:00,Confirmed,Imst,224
2020-04-04 11:00:00,Confirmed,Innsbruck-Land,315
2020-04-04 11:00:00,Confirmed,Innsbruck-Stadt,338
2020-04-04 11:00:00,Confirmed,Jennersdorf,8
2020-04-04 11:00:00,Confirmed,Kirchdorf_an_der_Krems,36
2020-04-04 11:00:00,Confirmed,Kitzbühel,286
2020-04-04 11:00:00,Confirmed,Klagenfurt_Land,36
2020-04-04 11:00:00,Confirmed,Klagenfurt_Stadt,60
2020-04-04 11:00:00,Confirmed,Korneuburg,124
2020-04-04 11:00:00,Confirmed,Krems_an_der_Donau_Stadt,28
2020-04-04 11:00:00,Confirmed,Krems_Land,115
2020-04-04 11:00:00,Confirmed,Kufstein,364
2020-04-04 11:00:00,Confirmed,Landeck,702
2020-04-04 11:00:00,Confirmed,Leibnitz,150
2020-04-04 11:00:00,Confirmed,Leoben,23
2020-04-04 11:00:00,Confirmed,Lienz,108
2020-04-04 11:00:00,Confirmed,Liezen,39
2020-04-04 11:00:00,Confirmed,Lilienfeld,36
2020-04-04 11:00:00,Confirmed,Linz_Stadt,248
2020-04-04 11:00:00,Confirmed,Linz-Land,180
2020-04-04 11:00:00,Confirmed,Mattersburg,30
2020-04-04 11:00:00,Confirmed,Melk,114
2020-04-04 11:00:00,Confirmed,Mistelbach,94
2020-04-04 11:00:00,Confirmed,Mödling,121
2020-04-04 11:00:00,Confirmed,Murau,5
2020-04-04 11:00:00,Confirmed,Murtal,31
2020-04-04 11:00:00,Confirmed,Neunkirchen,147
2020-04-04 11:00:00,Confirmed,Neusiedl_am_See,48
2020-04-04 11:00:00,Confirmed,Oberpullendorf,17
2020-04-04 11:00:00,Confirmed,Oberwart,73
2020-04-04 11:00:00,Confirmed,Perg,237
2020-04-04 11:00:00,Confirmed,Reutte,47
2020-04-04 11:00:00,Confirmed,Ried_im_Innkreis,29
2020-04-04 11:00:00,Confirmed,Rohrbach,123
2020-04-04 11:00:00,Confirmed,Salzburg_Stadt,123
2020-04-04 11:00:00,Confirmed,Salzburg-Umgebung,167
2020-04-04 11:00:00,Confirmed,Sankt_Johann_im_Pongau,381
2020-04-04 11:00:00,Confirmed,Sankt_Pölten_Land,208
2020-04-04 11:00:00,Confirmed,Sankt_Pölten_Stadt,60
2020-04-04 11:00:00,Confirmed,Sankt_Veit_an_der_Glan,39
2020-04-04 11:00:00,Confirmed,Schärding,48
2020-04-04 11:00:00,Confirmed,Scheibbs,94
2020-04-04 11:00:00,Confirmed,Schwaz,267
2020-04-04 11:00:00,Confirmed,Spittal_an_der_Drau,31
2020-04-04 11:00:00,Confirmed,Steyr_Stadt,39
2020-04-04 11:00:00,Confirmed,Steyr-Land,129
2020-04-04 11:00:00,Confirmed,Südoststeiermark,40
2020-04-04 11:00:00,Confirmed,Tamsweg,18
2020-04-04 11:00:00,Confirmed,Tulln,124
2020-04-04 11:00:00,Confirmed,Urfahr-Umgebung,253
2020-04-04 11:00:00,Confirmed,Villach_Land,41
2020-04-04 11:00:00,Confirmed,Villach_Stadt,15
2020-04-04 11:00:00,Confirmed,Vöcklabruck,97
2020-04-04 11:00:00,Confirmed,Voitsberg,78
2020-04-04 11:00:00,Confirmed,Völkermarkt,45
2020-04-04 11:00:00,Confirmed,Waidhofen_an_der_Thaya,14
2020-04-04 11:00:00,Confirmed,Waidhofen_an_der_Ybbs_Stadt,22
2020-04-04 11:00:00,Confirmed,Weiz,96
2020-04-04 11:00:00,Confirmed,Wels_Stadt,55
2020-04-04 11:00:00,Confirmed,Wels-Land,70
2020-04-04 11:00:00,Confirmed,Wien_Stadt,1678
2020-04-04 11:00:00,Confirmed,Wiener_Neustadt_Land,33
2020-04-04 11:00:00,Confirmed,Wiener_Neustadt_Stadt,28
2020-04-04 11:00:00,Confirmed,Wolfsberg,31
2020-04-04 11:00:00,Confirmed,Zell_am_See,312
2020-04-04 11:00:00,Confirmed,Zwettl,32
2020-04-04 19:00:00,Confirmed,Baden,96
2020-04-04 19:00:00,Confirmed,Bludenz,212
2020-04-04 19:00:00,Confirmed,Braunau_am_Inn,88
2020-04-04 19:00:00,Confirmed,Bregenz,199
2020-04-04 19:00:00,Confirmed,Bruck_an_der_Leitha,58
2020-04-04 19:00:00,Confirmed,Bruck-Mürzzuschlag,43
2020-04-04 19:00:00,Confirmed,Deutschlandsberg,30
2020-04-04 19:00:00,Confirmed,Dornbirn,122
2020-04-04 19:00:00,Confirmed,Eferding,38
2020-04-04 19:00:00,Confirmed,Eisenstadt_Stadt,12
2020-04-04 19:00:00,Confirmed,Eisenstadt-Umgebung,17
2020-04-04 19:00:00,Confirmed,Feldkirch,189
2020-04-04 19:00:00,Confirmed,Feldkirchen,9
2020-04-04 19:00:00,Confirmed,Freistadt,98
2020-04-04 19:00:00,Confirmed,Gänserndorf,58
2020-04-04 19:00:00,Confirmed,Gmünd,6
2020-04-04 19:00:00,Confirmed,Gmunden,59
2020-04-04 19:00:00,Confirmed,Graz_Stadt,343
2020-04-04 19:00:00,Confirmed,Graz-Umgebung,120
2020-04-04 19:00:00,Confirmed,Grieskirchen,60
2020-04-04 19:00:00,Confirmed,Gröbming,29
2020-04-04 19:00:00,Confirmed,Güssing,18
2020-04-04 19:00:00,Confirmed,Hallein,58
2020-04-04 19:00:00,Confirmed,Hartberg-Fürstenfeld,246
2020-04-04 19:00:00,Confirmed,Hollabrunn,17
2020-04-04 19:00:00,Confirmed,Horn,23
2020-04-04 19:00:00,Confirmed,Imst,224
2020-04-04 19:00:00,Confirmed,Innsbruck-Land,328
2020-04-04 19:00:00,Confirmed,Innsbruck-Stadt,338
2020-04-04 19:00:00,Confirmed,Jennersdorf,8
2020-04-04 19:00:00,Confirmed,Kirchdorf_an_der_Krems,36
2020-04-04 19:00:00,Confirmed,Kitzbühel,286
2020-04-04 19:00:00,Confirmed,Klagenfurt_Land,36
2020-04-04 19:00:00,Confirmed,Klagenfurt_Stadt,60
2020-04-04 19:00:00,Confirmed,Korneuburg,124
2020-04-04 19:00:00,Confirmed,Krems_an_der_Donau_Stadt,28
2020-04-04 19:00:00,Confirmed,Krems_Land,115
2020-04-04 19:00:00,Confirmed,Kufstein,363
2020-04-04 19:00:00,Confirmed,Landeck,701
2020-04-04 19:00:00,Confirmed,Leibnitz,158
2020-04-04 19:00:00,Confirmed,Leoben,23
2020-04-04 19:00:00,Confirmed,Lienz,108
2020-04-04 19:00:00,Confirmed,Liezen,39
2020-04-04 19:00:00,Confirmed,Lilienfeld,36
2020-04-04 19:00:00,Confirmed,Linz_Stadt,264
2020-04-04 19:00:00,Confirmed,Linz-Land,182
2020-04-04 19:00:00,Confirmed,Mattersburg,31
2020-04-04 19:00:00,Confirmed,Melk,114
2020-04-04 19:00:00,Confirmed,Mistelbach,94
2020-04-04 19:00:00,Confirmed,Mödling,122
2020-04-04 19:00:00,Confirmed,Murau,5
2020-04-04 19:00:00,Confirmed,Murtal,31
2020-04-04 19:00:00,Confirmed,Neunkirchen,146
2020-04-04 19:00:00,Confirmed,Neusiedl_am_See,49
2020-04-04 19:00:00,Confirmed,Oberpullendorf,16
2020-04-04 19:00:00,Confirmed,Oberwart,73
2020-04-04 19:00:00,Confirmed,Perg,237
2020-04-04 19:00:00,Confirmed,Reutte,47
2020-04-04 19:00:00,Confirmed,Ried_im_Innkreis,28
2020-04-04 19:00:00,Confirmed,Rohrbach,123
2020-04-04 19:00:00,Confirmed,Salzburg_Stadt,125
2020-04-04 19:00:00,Confirmed,Salzburg-Umgebung,167
2020-04-04 19:00:00,Confirmed,Sankt_Johann_im_Pongau,382
2020-04-04 19:00:00,Confirmed,Sankt_Pölten_Land,208
2020-04-04 19:00:00,Confirmed,Sankt_Pölten_Stadt,59
2020-04-04 19:00:00,Confirmed,Sankt_Veit_an_der_Glan,39
2020-04-04 19:00:00,Confirmed,Schärding,48
2020-04-04 19:00:00,Confirmed,Scheibbs,94
2020-04-04 19:00:00,Confirmed,Schwaz,277
2020-04-04 19:00:00,Confirmed,Spittal_an_der_Drau,31
2020-04-04 19:00:00,Confirmed,Steyr_Stadt,39
2020-04-04 19:00:00,Confirmed,Steyr-Land,129
2020-04-04 19:00:00,Confirmed,Südoststeiermark,40
2020-04-04 19:00:00,Confirmed,Tamsweg,18
2020-04-04 19:00:00,Confirmed,Tulln,124
2020-04-04 19:00:00,Confirmed,Urfahr-Umgebung,259
2020-04-04 19:00:00,Confirmed,Villach_Land,41
2020-04-04 19:00:00,Confirmed,Villach_Stadt,15
2020-04-04 19:00:00,Confirmed,Vöcklabruck,99
2020-04-04 19:00:00,Confirmed,Voitsberg,79
2020-04-04 19:00:00,Confirmed,Völkermarkt,46
2020-04-04 19:00:00,Confirmed,Waidhofen_an_der_Thaya,14
2020-04-04 19:00:00,Confirmed,Waidhofen_an_der_Ybbs_Stadt,22
2020-04-04 19:00:00,Confirmed,Weiz,99
2020-04-04 19:00:00,Confirmed,Wels_Stadt,56
2020-04-04 19:00:00,Confirmed,Wels-Land,72
2020-04-04 19:00:00,Confirmed,Wien_Stadt,1688
2020-04-04 19:00:00,Confirmed,Wiener_Neustadt_Land,35
2020-04-04 19:00:00,Confirmed,Wiener_Neustadt_Stadt,28
2020-04-04 19:00:00,Confirmed,Wolfsberg,33
2020-04-04 19:00:00,Confirmed,Zell_am_See,312
2020-04-04 19:00:00,Confirmed,Zwettl,32
